label,alg,district,baseline,best_reward,final_reward,best_step,n_eval_points,best_delta,final_delta
Final TopK9,REINFORCE,강남구,-350.3599508836934,-319.08191777567583,-319.08191777567583,200,11,31.278033108017553,31.278033108017553
Final TopK9,REINFORCE,강동구,-334.2573463233564,-328.115880224454,-328.115880224454,450,11,6.141466098902413,6.141466098902413
Final TopK9,REINFORCE,강북구,-13.616036756349311,-14.214182531560498,-14.440879890760872,100,11,-0.5981457752111865,-0.8248431344115605
Final TopK9,REINFORCE,강서구,-2676.0772020562486,-2637.33981360554,-2637.33981360554,400,11,38.73738845070875,38.73738845070875
Final TopK9,REINFORCE,관악구,-73.94744718722015,-101.61908479101598,-102.50607422013448,300,11,-27.67163760379583,-28.55862703291433
Final TopK9,REINFORCE,광진구,-591.597740357906,-571.9367156520731,-571.9367156520731,300,11,19.661024705832915,19.661024705832915
Final TopK9,REINFORCE,구로구,-609.5512092114152,-596.3040738864104,-723.9972580329338,400,11,13.24713532500482,-114.44604882151862
Final TopK9,REINFORCE,금천구,-256.21739023640725,-249.10963919790441,-249.10963919790441,100,11,7.10775103850284,7.10775103850284
Final TopK9,REINFORCE,노원구,-457.180474730789,-430.48561976414857,-430.48561976414857,500,11,26.694854966640435,26.694854966640435
Final TopK9,REINFORCE,도봉구,-82.2353194406718,-87.71972471744401,-87.71972471744401,150,11,-5.484405276772208,-5.484405276772208
Final TopK9,REINFORCE,동대문구,-321.128317502743,-331.65638083270244,-340.23595015311724,300,11,-10.528063329959423,-19.107632650374228
Final TopK9,REINFORCE,동작구,-97.78108169902266,-103.00469777177672,-103.00469777177672,300,11,-5.223616072754055,-5.223616072754055
Final TopK9,REINFORCE,마포구,-490.3667980298629,-445.7524071909575,-446.228817060995,400,11,44.614390838905365,44.13798096886785
Final TopK9,REINFORCE,서대문구,-139.25862312292162,-156.54432004618602,-203.93618332504542,450,11,-17.285696923264396,-64.6775602021238
Final TopK9,REINFORCE,서초구,-173.73157119184765,-147.2605317546892,-147.2605317546892,500,11,26.471039437158453,26.471039437158453
Final TopK9,REINFORCE,성동구,-594.8518857697841,-578.1659942104517,-641.6142647719752,50,11,16.68589155933239,-46.762379002191096
Final TopK9,REINFORCE,성북구,-102.0627157134765,-117.01647642312257,-136.3400443818728,150,11,-14.953760709646062,-34.27732866839628
Final TopK9,REINFORCE,송파구,-1225.7996363883465,-1289.2862656002887,-1380.8642110007584,1,11,-63.48662921194227,-155.0645746124119
Final TopK9,REINFORCE,양천구,-1083.3153729974601,-1070.482643637123,-1142.6540263602276,150,11,12.832729360337225,-59.338653362767445
Final TopK9,REINFORCE,영등포구,-1896.9705988373582,-1921.153686521679,-1921.153686521679,500,11,-24.183087684320753,-24.183087684320753
Final TopK9,REINFORCE,용산구,-66.89860792865139,-70.73815758080657,-70.73815758080657,100,11,-3.839549652155185,-3.839549652155185
Final TopK9,REINFORCE,은평구,-150.21607343804496,-197.42394872441113,-262.906894891422,100,11,-47.207875286366175,-112.69082145337703
Final TopK9,REINFORCE,종로구,-268.2836955125016,-263.55095254341325,-263.55095254341325,400,11,4.732742969088349,4.732742969088349
Final TopK9,REINFORCE,중구,-182.61475511225203,-212.12478747141617,-260.9145352324089,200,11,-29.510032359164143,-78.2997801201569
Final TopK9,REINFORCE,중랑구,-161.6356754974581,-154.60864890493357,-214.99711297422533,350,11,7.027026592524521,-53.361437476767236
Final TopK9,A2C,강남구,-350.3599508836934,-319.08191777567583,-319.08191777567583,100,11,31.278033108017553,31.278033108017553
Final TopK9,A2C,강동구,-334.2573463233564,-328.115880224454,-328.115880224454,50,11,6.141466098902413,6.141466098902413
Final TopK9,A2C,강북구,-13.616036756349311,-14.214182531560498,-15.789465604946823,50,11,-0.5981457752111865,-2.1734288485975117
Final TopK9,A2C,강서구,-2676.0772020562486,-2637.33981360554,-2637.33981360554,50,11,38.73738845070875,38.73738845070875
Final TopK9,A2C,관악구,-73.94744718722015,-100.47341333936633,-100.47341333936633,50,11,-26.525966152146182,-26.525966152146182
Final TopK9,A2C,광진구,-591.597740357906,-571.9367156520731,-571.9367156520731,100,11,19.661024705832915,19.661024705832915
Final TopK9,A2C,구로구,-609.5512092114152,-582.2997940156424,-582.2997940156424,200,11,27.25141519577278,27.25141519577278
Final TopK9,A2C,금천구,-256.21739023640725,-249.10963919790441,-249.10963919790441,50,11,7.10775103850284,7.10775103850284
Final TopK9,A2C,노원구,-457.180474730789,-404.23361245537643,-468.4983815656118,50,11,52.94686227541257,-11.317906834822793
Final TopK9,A2C,도봉구,-82.2353194406718,-87.71972471744401,-87.71972471744401,150,11,-5.484405276772208,-5.484405276772208
Final TopK9,A2C,동대문구,-321.128317502743,-314.8661891278425,-314.8661891278425,50,11,6.262128374900499,6.262128374900499
Final TopK9,A2C,동작구,-97.78108169902266,-103.00469777177672,-115.32748169008806,200,11,-5.223616072754055,-17.5463999910654
Final TopK9,A2C,마포구,-490.3667980298629,-445.7524071909575,-445.7524071909575,100,11,44.614390838905365,44.614390838905365
Final TopK9,A2C,서대문구,-139.25862312292162,-156.55933984942737,-171.1821142047427,50,11,-17.300716726505755,-31.923491081821084
Final TopK9,A2C,서초구,-173.73157119184765,-146.65592662612332,-195.9738037441253,50,11,27.075644565724332,-22.242232552277642
Final TopK9,A2C,성동구,-594.8518857697841,-578.1659942104517,-602.3681410540388,100,11,16.68589155933239,-7.516255284254726
Final TopK9,A2C,성북구,-102.0627157134765,-117.01647642312257,-117.01647642312257,50,11,-14.953760709646062,-14.953760709646062
Final TopK9,A2C,송파구,-1225.7996363883465,-1173.8190562112452,-1302.241342642211,50,11,51.980580177101274,-76.4417062538646
Final TopK9,A2C,양천구,-1083.3153729974601,-1030.507725274065,-1030.507725274065,100,11,52.80764772339512,52.80764772339512
Final TopK9,A2C,영등포구,-1896.9705988373582,-1921.0341339667818,-1926.6365083549595,200,11,-24.0635351294236,-29.66590951760122
Final TopK9,A2C,용산구,-66.89860792865139,-70.73815758080657,-70.73815758080657,50,11,-3.839549652155185,-3.839549652155185
Final TopK9,A2C,은평구,-150.21607343804496,-159.34425894717435,-159.64904704306792,150,11,-9.128185509129395,-9.432973605022966
Final TopK9,A2C,종로구,-268.2836955125016,-263.55095254341325,-263.55095254341325,100,11,4.732742969088349,4.732742969088349
Final TopK9,A2C,중구,-182.61475511225203,-179.36452148063745,-179.36452148063745,100,11,3.2502336316145772,3.2502336316145772
Final TopK9,A2C,중랑구,-161.6356754974581,-154.60864890493357,-154.60864890493357,100,11,7.027026592524521,7.027026592524521
Full TopK12,REINFORCE,강남구,-350.3599508836934,-359.0946562843991,-382.31698770785016,100,11,-8.734705400705707,-31.957036824156773
Full TopK12,REINFORCE,강동구,-334.2573463233564,-352.7569784799272,-373.50150608937815,100,11,-18.49963215657084,-39.24415976602177
Full TopK12,REINFORCE,강북구,-13.616036756349311,-14.214182531560498,-14.214182531560498,350,11,-0.5981457752111865,-0.5981457752111865
Full TopK12,REINFORCE,강서구,-2676.0772020562486,-2724.915156022049,-2782.1294156311696,150,11,-48.83795396580035,-106.0522135749211
Full TopK12,REINFORCE,관악구,-73.94744718722015,-100.47341333936633,-100.47341333936633,100,11,-26.525966152146182,-26.525966152146182
Full TopK12,REINFORCE,광진구,-591.597740357906,-571.9367156520731,-847.1479126884819,100,11,19.661024705832915,-255.55017233057595
Full TopK12,REINFORCE,구로구,-609.5512092114152,-684.5913229970241,-700.3398333729901,200,11,-75.04011378560892,-90.78862416157494
Full TopK12,REINFORCE,금천구,-256.21739023640725,-284.28645636148474,-284.28645636148474,500,11,-28.069066125077484,-28.069066125077484
Full TopK12,REINFORCE,노원구,-457.180474730789,-404.23361245537643,-404.23361245537643,50,11,52.94686227541257,52.94686227541257
Full TopK12,REINFORCE,도봉구,-82.2353194406718,-116.01238252555416,-116.01238252555416,150,11,-33.77706308488236,-33.77706308488236
Full TopK12,REINFORCE,동대문구,-321.128317502743,-314.8661891278425,-314.8661891278425,300,11,6.262128374900499,6.262128374900499
Full TopK12,REINFORCE,동작구,-97.78108169902266,-106.41372857788959,-136.02794373521337,300,11,-8.632646878866922,-38.246862036190706
Full TopK12,REINFORCE,마포구,-490.3667980298629,-445.7524071909575,-506.4754921759616,400,11,44.614390838905365,-16.108694146098742
Full TopK12,REINFORCE,서대문구,-139.25862312292162,-166.52414635865912,-184.96663276325987,1,11,-27.265523235737504,-45.70800964033825
Full TopK12,REINFORCE,서초구,-173.73157119184765,-146.65592662612332,-146.65592662612332,450,11,27.075644565724332,27.075644565724332
Full TopK12,REINFORCE,성동구,-594.8518857697841,-637.3704195220671,-655.5088085437206,50,11,-42.51853375228302,-60.65692277393657
Full TopK12,REINFORCE,성북구,-102.0627157134765,-116.82676552678657,-136.3400443818728,250,11,-14.764049813310066,-34.27732866839628
Full TopK12,REINFORCE,송파구,-1225.7996363883465,-1173.6787381059023,-1173.8190562112452,250,11,52.12089828244416,51.980580177101274
Full TopK12,REINFORCE,양천구,-1083.3153729974601,-1030.0009909188873,-1056.8517753107278,450,11,53.31438207857286,26.463597686732328
Full TopK12,REINFORCE,영등포구,-1896.9705988373582,-1934.6996359464765,-1970.4660187325255,1,11,-37.72903710911828,-73.49541989516729
Full TopK12,REINFORCE,용산구,-66.89860792865139,-70.73815758080657,-70.73815758080657,200,11,-3.839549652155185,-3.839549652155185
Full TopK12,REINFORCE,은평구,-150.21607343804496,-159.31025083348638,-218.06603004354977,250,11,-9.09417739544142,-67.84995660550481
Full TopK12,REINFORCE,종로구,-268.2836955125016,-308.384405182862,-310.9838753084306,250,11,-40.1007096703604,-42.70017979592899
Full TopK12,REINFORCE,중구,-182.61475511225203,-231.53262234747447,-247.16851203211698,50,11,-48.917867235222445,-64.55375691986495
Full TopK12,REINFORCE,중랑구,-161.6356754974581,-154.60864890493357,-154.60864890493357,500,11,7.027026592524521,7.027026592524521
Full TopK12,A2C,강남구,-350.3599508836934,-319.08191777567583,-319.08191777567583,50,11,31.278033108017553,31.278033108017553
Full TopK12,A2C,강동구,-334.2573463233564,-328.115880224454,-328.115880224454,50,11,6.141466098902413,6.141466098902413
Full TopK12,A2C,강북구,-13.616036756349311,-14.214182531560498,-14.905742740045532,50,11,-0.5981457752111865,-1.289705983696221
Full TopK12,A2C,강서구,-2676.0772020562486,-2637.33981360554,-2637.33981360554,50,11,38.73738845070875,38.73738845070875
Full TopK12,A2C,관악구,-73.94744718722015,-100.27665435724228,-100.47341333936633,400,11,-26.32920717002213,-26.525966152146182
Full TopK12,A2C,광진구,-591.597740357906,-571.9367156520731,-571.9367156520731,100,11,19.661024705832915,19.661024705832915
Full TopK12,A2C,구로구,-609.5512092114152,-582.6817558902457,-624.9832280754731,50,11,26.869453321169544,-15.432018864057909
Full TopK12,A2C,금천구,-256.21739023640725,-249.10952431571818,-249.10963919790441,350,11,7.107865920689079,7.10775103850284
Full TopK12,A2C,노원구,-457.180474730789,-404.23361245537643,-410.23342308420183,50,11,52.94686227541257,46.94705164658717
Full TopK12,A2C,도봉구,-82.2353194406718,-87.71972471744401,-87.71972471744401,50,11,-5.484405276772208,-5.484405276772208
Full TopK12,A2C,동대문구,-321.128317502743,-314.8661891278425,-314.8661891278425,50,11,6.262128374900499,6.262128374900499
Full TopK12,A2C,동작구,-97.78108169902266,-103.00469777177672,-103.00469777177672,150,11,-5.223616072754055,-5.223616072754055
Full TopK12,A2C,마포구,-490.3667980298629,-445.7524071909575,-445.7524071909575,50,11,44.614390838905365,44.614390838905365
Full TopK12,A2C,서대문구,-139.25862312292162,-156.3630523320449,-156.55933984942737,50,11,-17.104429209123282,-17.300716726505755
Full TopK12,A2C,서초구,-173.73157119184765,-146.65592662612332,-146.65592662612332,500,11,27.075644565724332,27.075644565724332
Full TopK12,A2C,성동구,-594.8518857697841,-578.1659942104517,-597.5047185900107,150,11,16.68589155933239,-2.6528328202266493
Full TopK12,A2C,성북구,-102.0627157134765,-117.01647642312257,-117.01647642312257,100,11,-14.953760709646062,-14.953760709646062
Full TopK12,A2C,송파구,-1225.7996363883465,-1173.8190562112452,-1173.8190562112452,50,11,51.980580177101274,51.980580177101274
Full TopK12,A2C,양천구,-1083.3153729974601,-1070.482643637123,-1070.482643637123,50,11,12.832729360337225,12.832729360337225
Full TopK12,A2C,영등포구,-1896.9705988373582,-1845.3698746668906,-2023.4482740204724,1,11,51.60072417046763,-126.47767518311412
Full TopK12,A2C,용산구,-66.89860792865139,-70.73815758080657,-70.73815758080657,250,11,-3.839549652155185,-3.839549652155185
Full TopK12,A2C,은평구,-150.21607343804496,-159.64904704306792,-159.64904704306792,50,11,-9.432973605022966,-9.432973605022966
Full TopK12,A2C,종로구,-268.2836955125016,-263.55095254341325,-263.55095254341325,100,11,4.732742969088349,4.732742969088349
Full TopK12,A2C,중구,-182.61475511225203,-179.36452148063745,-179.36452148063745,100,11,3.2502336316145772,3.2502336316145772
Full TopK12,A2C,중랑구,-161.6356754974581,-154.60864890493357,-154.60864890493357,100,11,7.027026592524521,7.027026592524521
VAE TopK9 BW,REINFORCE+VAE,강서구,-2676.0772020562486,-2813.278184870629,-2890.4669239151326,1,11,-137.2009828143805,-214.38972185888406
VAE TopK9 BW,REINFORCE+VAE,관악구,-73.94744718722015,-100.47341333936633,-100.47341333936633,100,11,-26.525966152146182,-26.525966152146182
VAE TopK9 BW,REINFORCE+VAE,구로구,-609.5512092114152,-582.2997940156424,-582.2997940156424,100,11,27.25141519577278,27.25141519577278
VAE TopK9 BW,REINFORCE+VAE,노원구,-457.180474730789,-430.48561976414857,-430.48561976414857,150,11,26.694854966640435,26.694854966640435
VAE TopK9 BW,REINFORCE+VAE,서대문구,-139.25862312292162,-168.11926171694802,-171.1821142047427,100,11,-28.860638594026398,-31.923491081821084
VAE TopK9 BW,REINFORCE+VAE,성북구,-102.0627157134765,-117.01647642312257,-117.01647642312257,300,11,-14.953760709646062,-14.953760709646062
VAE TopK9 BW,REINFORCE+VAE,송파구,-1225.7996363883465,-1241.6695181338232,-1330.625667213085,1,11,-15.869881745476732,-104.82603082473861
VAE TopK9 BW,REINFORCE+VAE,양천구,-1083.3153729974601,-1030.507725274065,-1030.507725274065,150,11,52.80764772339512,52.80764772339512
VAE TopK9 BW,REINFORCE+VAE,영등포구,-1896.9705988373582,-1894.9786702960416,-1896.612761376914,450,11,1.9919285413166108,0.35783746044421605
VAE TopK9 BW,REINFORCE+VAE,중구,-182.61475511225203,-198.80849080001218,-198.80849080001218,100,11,-16.193735687760153,-16.193735687760153
VAE TopK9 BW,A2C+VAE,강서구,-2676.0772020562486,-2637.33981360554,-2637.33981360554,300,11,38.73738845070875,38.73738845070875
VAE TopK9 BW,A2C+VAE,관악구,-73.94744718722015,-100.47341333936633,-118.03421882313549,100,11,-26.525966152146182,-44.08677163591534
VAE TopK9 BW,A2C+VAE,구로구,-609.5512092114152,-672.0695380502638,-705.5362664415966,1,11,-62.51832883884856,-95.98505723018138
VAE TopK9 BW,A2C+VAE,노원구,-457.180474730789,-430.48561976414857,-430.48561976414857,100,11,26.694854966640435,26.694854966640435
VAE TopK9 BW,A2C+VAE,서대문구,-139.25862312292162,-156.55933984942737,-156.55933984942737,50,11,-17.300716726505755,-17.300716726505755
VAE TopK9 BW,A2C+VAE,성북구,-102.0627157134765,-117.01647642312257,-117.01647642312257,100,11,-14.953760709646062,-14.953760709646062
VAE TopK9 BW,A2C+VAE,송파구,-1225.7996363883465,-1243.236743769625,-1286.8135518110325,250,11,-17.437107381278565,-61.01391542268607
VAE TopK9 BW,A2C+VAE,양천구,-1083.3153729974601,-1030.507725274065,-1053.4756331269741,350,11,52.80764772339512,29.839739870486028
VAE TopK9 BW,A2C+VAE,영등포구,-1896.9705988373582,-1911.0081451923686,-1917.2981351013973,50,11,-14.037546355010363,-20.327536264039054
VAE TopK9 BW,A2C+VAE,중구,-182.61475511225203,-179.36452148063745,-179.36452148063745,100,11,3.2502336316145772,3.2502336316145772
Bandit TopK9 BW,Contextual Bandit,강서구,-2676.0772020562486,-2752.689061055661,-2768.133092289158,40000,9,-76.61185899941256,-92.0558902329094
Bandit TopK9 BW,Contextual Bandit,관악구,-73.94744718722015,-103.52896118194869,-107.69426399691342,40000,9,-29.58151399472854,-33.74681680969327
Bandit TopK9 BW,Contextual Bandit,구로구,-609.5512092114152,-639.0259238437097,-657.7962595208705,20000,9,-29.474714632294535,-48.24505030945534
Bandit TopK9 BW,Contextual Bandit,노원구,-457.180474730789,-514.7254494530041,-584.7606998882906,20000,9,-57.5449747222151,-127.58022515750156
Bandit TopK9 BW,Contextual Bandit,서대문구,-139.25862312292162,-156.66795722935888,-158.4500167841173,40000,9,-17.409334106437257,-19.19139366119569
Bandit TopK9 BW,Contextual Bandit,성북구,-102.0627157134765,-116.77248544648359,-117.60632788606814,60000,9,-14.709769733007079,-15.543612172591637
Bandit TopK9 BW,Contextual Bandit,송파구,-1225.7996363883465,-1230.836783375693,-1234.6333906951518,120000,9,-5.037146987346432,-8.833754306805304
Bandit TopK9 BW,Contextual Bandit,양천구,-1083.3153729974601,-1147.976914515768,-1187.6707633699964,20000,9,-64.66154151830779,-104.35539037253625
Bandit TopK9 BW,Contextual Bandit,영등포구,-1896.9705988373582,-1911.3848177216387,-1923.7357715757723,40000,9,-14.414218884280444,-26.765172738414094
Bandit TopK9 BW,Contextual Bandit,중구,-182.61475511225203,-186.97613921888976,-208.70314021250715,20000,9,-4.361384106637729,-26.088385100255124
Bandit TopK12 all,Contextual Bandit,강남구,-350.3599508836934,-518.49481597067,-543.2000872697456,60000,9,-168.13486508697656,-192.84013638605222
Bandit TopK12 all,Contextual Bandit,강동구,-334.2573463233564,-779.3200776910817,-795.1882162590663,20000,9,-445.0627313677253,-460.9308699357099
Bandit TopK12 all,Contextual Bandit,강북구,-13.616036756349311,-39.10134795096534,-41.84986435915253,120000,9,-25.48531119461603,-28.233827602803217
Bandit TopK12 all,Contextual Bandit,강서구,-2676.0772020562486,-3707.5298316178273,-3721.47110426459,120000,9,-1031.4526295615788,-1045.3939022083414
Bandit TopK12 all,Contextual Bandit,관악구,-73.94744718722015,-165.32095415642297,-175.23489229622402,40000,9,-91.37350696920282,-101.28744510900387
Bandit TopK12 all,Contextual Bandit,광진구,-591.597740357906,-1015.1731315763528,-1043.2563300818424,20000,9,-423.57539121844684,-451.6585897239364
Bandit TopK12 all,Contextual Bandit,구로구,-609.5512092114152,-897.5620056674298,-916.8240717557289,140000,9,-288.01079645601465,-307.27286254431374
Bandit TopK12 all,Contextual Bandit,금천구,-256.21739023640725,-385.02391744742283,-428.67714907862995,20000,9,-128.80652721101558,-172.4597588422227
Bandit TopK12 all,Contextual Bandit,노원구,-457.180474730789,-900.6322434822254,-973.4489158735572,20000,9,-443.45176875143636,-516.2684411427682
Bandit TopK12 all,Contextual Bandit,도봉구,-82.2353194406718,-137.00089762903153,-138.77385428883034,80000,9,-54.765578188359726,-56.538534848158534
Bandit TopK12 all,Contextual Bandit,동대문구,-321.128317502743,-453.03128514376897,-470.8518622818883,40000,9,-131.90296764102595,-149.7235447791453
Bandit TopK12 all,Contextual Bandit,동작구,-97.78108169902266,-170.02676704328087,-176.79877774724758,80000,9,-72.2456853442582,-79.01769604822492
Bandit TopK12 all,Contextual Bandit,마포구,-490.3667980298629,-769.9947832424834,-791.5300028742388,60000,9,-279.62798521262056,-301.1632048443759
Bandit TopK12 all,Contextual Bandit,서대문구,-139.25862312292162,-204.44751638834688,-207.5935999339679,80000,9,-65.18889326542526,-68.33497681104629
Bandit TopK12 all,Contextual Bandit,서초구,-173.73157119184765,-270.566930565241,-295.2151410698555,40000,9,-96.83535937339337,-121.48356987800787
Bandit TopK12 all,Contextual Bandit,성동구,-594.8518857697841,-1002.2563975076754,-1042.8199213551009,20000,9,-407.4045117378913,-447.9680355853168
Bandit TopK12 all,Contextual Bandit,성북구,-102.0627157134765,-156.44635968614153,-163.0210442616009,60000,9,-54.38364397266503,-60.9583285481244
Bandit TopK12 all,Contextual Bandit,송파구,-1225.7996363883465,-1982.9235391747202,-2004.806515657303,20000,9,-757.1239027863737,-779.0068792689565
Bandit TopK12 all,Contextual Bandit,양천구,-1083.3153729974601,-1566.115952735238,-1626.5827400339792,20000,9,-482.80057973777775,-543.2673670365191
Bandit TopK12 all,Contextual Bandit,영등포구,-1896.9705988373582,-2478.6029145004745,-2513.0675420356824,20000,9,-581.6323156631163,-616.0969431983242
Bandit TopK12 all,Contextual Bandit,용산구,-66.89860792865139,-103.8881045764833,-108.97959941894045,60000,9,-36.98949664783191,-42.080991490289065
Bandit TopK12 all,Contextual Bandit,은평구,-150.21607343804496,-265.499251785308,-294.49446890550473,20000,9,-115.28317834726303,-144.27839546745977
Bandit TopK12 all,Contextual Bandit,종로구,-268.2836955125016,-408.0627594989897,-429.31141694809673,20000,9,-139.7790639864881,-161.02772143559514
Bandit TopK12 all,Contextual Bandit,중구,-182.61475511225203,-252.38958564861218,-277.99983237824415,20000,9,-69.77483053636016,-95.38507726599212
Bandit TopK12 all,Contextual Bandit,중랑구,-161.6356754974581,-280.6360738101898,-308.3204699442769,20000,9,-119.00039831273173,-146.6847944468188
