alg,gu,k,base,best_ep,best,final,best_delta,final_delta
A2C,강서구,12,-2676.0772020562486,80,-2637.33981360554,-2637.33981360554,38.73738845070875,38.73738845070875
A2C,관악구,12,-73.94744718722015,20,-100.47341333936633,-100.47341333936633,-26.525966152146182,-26.525966152146182
A2C,구로구,12,-609.5512092114152,20,-582.2997940156424,-733.1134735461201,27.25141519577278,-123.56226433470488
A2C,노원구,12,-457.180474730789,40,-404.23361245537643,-404.23361245537643,52.94686227541257,52.94686227541257
A2C,마포구,12,-490.3667980298629,50,-826.2242526020233,-826.2242526020233,-335.8574545721604,-335.8574545721604
A2C,서대문구,12,-139.25862312292162,60,-156.55933984942737,-156.55933984942737,-17.300716726505755,-17.300716726505755
A2C,성북구,12,-102.0627157134765,100,-117.01647642312257,-117.01647642312257,-14.953760709646062,-14.953760709646062
A2C,송파구,12,-1225.7996363883465,40,-1173.8190562112452,-1173.8190562112452,51.980580177101274,51.980580177101274
A2C,양천구,12,-1083.3153729974601,60,-1070.482643637123,-1070.482643637123,12.832729360337225,12.832729360337225
A2C,영등포구,12,-1896.9705988373582,20,-1845.247699705505,-2033.268865794171,51.72289913185318,-136.29826695681277
A2C,은평구,12,-150.21607343804496,50,-292.95102784713805,-292.95102784713805,-142.7349544090931,-142.7349544090931
A2C,중구,12,-182.61475511225203,80,-179.36452148063745,-179.36452148063745,3.2502336316145772,3.2502336316145772
A2C,강서구,15,-2676.0772020562486,80,-2637.33981360554,-2637.33981360554,38.73738845070875,38.73738845070875
A2C,관악구,15,-73.94744718722015,100,-100.47341333936633,-119.54732694718619,-26.525966152146182,-45.59987975996604
A2C,구로구,15,-609.5512092114152,40,-582.2997940156424,-593.9675219574108,27.25141519577278,15.583687254004417
A2C,노원구,15,-457.180474730789,40,-404.23361245537643,-404.23361245537643,52.94686227541257,52.94686227541257
A2C,마포구,15,-490.3667980298629,40,-826.2242526020233,-826.2242526020233,-335.8574545721604,-335.8574545721604
A2C,서대문구,15,-139.25862312292162,60,-156.55933984942737,-156.55933984942737,-17.300716726505755,-17.300716726505755
A2C,성북구,15,-102.0627157134765,140,-117.01647642312257,-117.01647642312257,-14.953760709646062,-14.953760709646062
A2C,송파구,15,-1225.7996363883465,60,-1173.8190562112452,-1173.8190562112452,51.980580177101274,51.980580177101274
A2C,양천구,15,-1083.3153729974601,40,-1070.482643637123,-1070.482643637123,12.832729360337225,12.832729360337225
A2C,영등포구,15,-1896.9705988373582,100,-1845.247699705505,-1923.9928367743296,51.72289913185318,-27.02223793697135
A2C,은평구,15,-150.21607343804496,20,-292.95102784713805,-292.95102784713805,-142.7349544090931,-142.7349544090931
A2C,중구,15,-182.61475511225203,40,-179.36452148063745,-179.36452148063745,3.2502336316145772,3.2502336316145772
A2C,강서구,3,-2676.0772020562486,1,-2637.33981360554,-2637.33981360554,38.73738845070875,38.73738845070875
A2C,관악구,3,-73.94744718722015,20,-100.47341333936633,-100.69625840618008,-26.525966152146182,-26.74881121895993
A2C,구로구,3,-609.5512092114152,1,-583.3776747552394,-635.7836595585794,26.173534456175844,-26.232450347164217
A2C,노원구,3,-457.180474730789,20,-404.23361245537643,-404.23361245537643,52.94686227541257,52.94686227541257
A2C,마포구,3,-490.3667980298629,50,-826.2242526020233,-826.2242526020233,-335.8574545721604,-335.8574545721604
A2C,서대문구,3,-139.25862312292162,40,-156.55933984942737,-156.55933984942737,-17.300716726505755,-17.300716726505755
A2C,성북구,3,-102.0627157134765,20,-117.01647642312257,-117.01647642312257,-14.953760709646062,-14.953760709646062
A2C,송파구,3,-1225.7996363883465,100,-1173.5719430830409,-1173.8190562112452,52.22769330530559,51.980580177101274
A2C,양천구,3,-1083.3153729974601,20,-1030.507725274065,-1030.507725274065,52.80764772339512,52.80764772339512
A2C,영등포구,3,-1896.9705988373582,80,-1843.3109622663808,-1863.001885231108,53.659636570977455,33.968713606250276
A2C,은평구,3,-150.21607343804496,50,-292.95102784713805,-292.95102784713805,-142.7349544090931,-142.7349544090931
A2C,중구,3,-182.61475511225203,40,-179.36452148063745,-179.36452148063745,3.2502336316145772,3.2502336316145772
A2C,강서구,6,-2676.0772020562486,20,-2637.33981360554,-2637.33981360554,38.73738845070875,38.73738845070875
A2C,관악구,6,-73.94744718722015,20,-100.47341333936633,-100.47341333936633,-26.525966152146182,-26.525966152146182
A2C,구로구,6,-609.5512092114152,60,-582.2997940156424,-658.1597486179409,27.25141519577278,-48.608539406525665
A2C,노원구,6,-457.180474730789,20,-404.23361245537643,-404.23361245537643,52.94686227541257,52.94686227541257
A2C,마포구,6,-490.3667980298629,50,-826.2242526020233,-826.2242526020233,-335.8574545721604,-335.8574545721604
A2C,서대문구,6,-139.25862312292162,20,-156.55933984942737,-156.55933984942737,-17.300716726505755,-17.300716726505755
A2C,성북구,6,-102.0627157134765,40,-117.01647642312257,-117.01647642312257,-14.953760709646062,-14.953760709646062
A2C,송파구,6,-1225.7996363883465,20,-1173.8190562112452,-1173.8190562112452,51.980580177101274,51.980580177101274
A2C,양천구,6,-1083.3153729974601,1,-1059.2527780889332,-1209.5050681455903,24.06259490852699,-126.18969514813011
A2C,영등포구,6,-1896.9705988373582,140,-1845.247699705505,-1845.247699705505,51.72289913185318,51.72289913185318
A2C,은평구,6,-150.21607343804496,100,-292.95102784713805,-292.95102784713805,-142.7349544090931,-142.7349544090931
A2C,중구,6,-182.61475511225203,60,-179.36452148063745,-179.36452148063745,3.2502336316145772,3.2502336316145772
A2C,강서구,9,-2676.0772020562486,40,-2637.33981360554,-2637.33981360554,38.73738845070875,38.73738845070875
A2C,관악구,9,-73.94744718722015,20,-100.47341333936633,-100.47341333936633,-26.525966152146182,-26.525966152146182
A2C,구로구,9,-609.5512092114152,160,-582.2997940156424,-582.2997940156424,27.25141519577278,27.25141519577278
A2C,노원구,9,-457.180474730789,20,-404.23361245537643,-404.23361245537643,52.94686227541257,52.94686227541257
A2C,마포구,9,-490.3667980298629,80,-826.2242526020233,-826.2242526020233,-335.8574545721604,-335.8574545721604
A2C,서대문구,9,-139.25862312292162,40,-156.55933984942737,-156.55933984942737,-17.300716726505755,-17.300716726505755
A2C,성북구,9,-102.0627157134765,60,-117.01647642312257,-117.01647642312257,-14.953760709646062,-14.953760709646062
A2C,송파구,9,-1225.7996363883465,20,-1173.8190562112452,-1173.8190562112452,51.980580177101274,51.980580177101274
A2C,양천구,9,-1083.3153729974601,20,-1030.507725274065,-1030.507725274065,52.80764772339512,52.80764772339512
A2C,영등포구,9,-1896.9705988373582,40,-1867.852909189708,-1921.0341339667818,29.117689647650195,-24.0635351294236
A2C,은평구,9,-150.21607343804496,20,-292.95102784713805,-292.95102784713805,-142.7349544090931,-142.7349544090931
A2C,중구,9,-182.61475511225203,60,-179.36452148063745,-179.36452148063745,3.2502336316145772,3.2502336316145772
REINFORCE,강서구,12,-2676.0772020562486,140,-2724.915156022049,-2724.915156022049,-48.83795396580035,-48.83795396580035
REINFORCE,관악구,12,-73.94744718722015,100,-100.47341333936633,-100.47341333936633,-26.525966152146182,-26.525966152146182
REINFORCE,구로구,12,-609.5512092114152,120,-677.4640959611186,-684.5913229970241,-67.91288674970338,-75.04011378560892
REINFORCE,노원구,12,-457.180474730789,60,-404.1185918185502,-404.23361245537643,53.06188291223879,52.94686227541257
REINFORCE,서대문구,12,-139.25862312292162,1,-166.52414635865912,-228.79788082668065,-27.265523235737504,-89.53925770375903
REINFORCE,성북구,12,-102.0627157134765,180,-136.30201869322846,-155.1950271366785,-34.239302979751955,-53.132311423202
REINFORCE,송파구,12,-1225.7996363883465,1,-1176.8262243288846,-1379.8986634439718,48.97341205946191,-154.09902705562536
REINFORCE,양천구,12,-1083.3153729974601,80,-1030.507725274065,-1030.507725274065,52.80764772339512,52.80764772339512
REINFORCE,영등포구,12,-1896.9705988373582,60,-1889.3604220674356,-1979.7692561188844,7.610176769922646,-82.79865728152618
REINFORCE,중구,12,-182.61475511225203,80,-201.4581798976751,-239.16868228163136,-18.843424785423082,-56.553927169379335
REINFORCE,강서구,15,-2676.0772020562486,100,-2724.915156022049,-2724.915156022049,-48.83795396580035,-48.83795396580035
REINFORCE,관악구,15,-73.94744718722015,20,-100.4202977896955,-119.54732694718619,-26.472850602475347,-45.59987975996604
REINFORCE,구로구,15,-609.5512092114152,140,-624.9832280754731,-624.9832280754731,-15.432018864057909,-15.432018864057909
REINFORCE,노원구,15,-457.180474730789,200,-551.5887519466997,-551.5887519466997,-94.40827721591074,-94.40827721591074
REINFORCE,서대문구,15,-139.25862312292162,180,-179.08168055059753,-203.37209163811264,-39.823057427675906,-64.11346851519102
REINFORCE,성북구,15,-102.0627157134765,100,-116.7759471220474,-117.01647642312257,-14.713231408570891,-14.953760709646062
REINFORCE,송파구,15,-1225.7996363883465,60,-1173.8190562112452,-1173.8190562112452,51.980580177101274,51.980580177101274
REINFORCE,양천구,15,-1083.3153729974601,160,-1070.482643637123,-1256.8069212880123,12.832729360337225,-173.49154829055215
REINFORCE,영등포구,15,-1896.9705988373582,60,-1870.634761684917,-1884.7085001708629,26.335837152441172,12.262098666495376
REINFORCE,중구,15,-182.61475511225203,1,-180.65094036442065,-246.68699252089652,1.9638147478313783,-64.0722374086445
REINFORCE,강서구,3,-2676.0772020562486,1,-2637.33981360554,-2637.33981360554,38.73738845070875,38.73738845070875
REINFORCE,관악구,3,-73.94744718722015,20,-100.47341333936633,-111.41486506277391,-26.525966152146182,-37.467417875553764
REINFORCE,구로구,3,-609.5512092114152,200,-586.7666217386775,-586.7666217386775,22.784587472737712,22.784587472737712
REINFORCE,노원구,3,-457.180474730789,1,-430.417283924609,-430.48561976414857,26.763190806179978,26.694854966640435
REINFORCE,서대문구,3,-139.25862312292162,1,-171.1821142047427,-171.1821142047427,-31.923491081821084,-31.923491081821084
REINFORCE,성북구,3,-102.0627157134765,20,-118.62604908448944,-135.1531920816462,-16.56333337101293,-33.0904763681697
REINFORCE,송파구,3,-1225.7996363883465,20,-1243.236743769625,-1243.236743769625,-17.437107381278565,-17.437107381278565
REINFORCE,양천구,3,-1083.3153729974601,40,-1043.7330087212072,-1086.6947025736492,39.582364276252974,-3.379329576189093
REINFORCE,영등포구,3,-1896.9705988373582,20,-1848.6008876459975,-1896.612761376914,48.36971119136069,0.35783746044421605
REINFORCE,중구,3,-182.61475511225203,60,-180.41185922385807,-189.81204089026778,2.202895888393954,-7.197285778015754
REINFORCE,강서구,6,-2676.0772020562486,160,-2670.9464491480844,-2764.4951409815753,5.1307529081641405,-88.41793892532678
REINFORCE,관악구,6,-73.94744718722015,160,-100.47341333936633,-100.47341333936633,-26.525966152146182,-26.525966152146182
REINFORCE,구로구,6,-609.5512092114152,60,-596.4805136046493,-658.6067560543336,13.070695606765867,-49.055546842918375
REINFORCE,노원구,6,-457.180474730789,180,-404.23361245537643,-405.9499118798593,52.94686227541257,51.23056285092969
REINFORCE,서대문구,6,-139.25862312292162,60,-156.12737911519505,-203.42045620952214,-16.868755992273435,-64.16183308660052
REINFORCE,성북구,6,-102.0627157134765,80,-116.69966124099963,-117.01647642312257,-14.636945527523125,-14.953760709646062
REINFORCE,송파구,6,-1225.7996363883465,40,-1284.5821965485895,-1362.223145897262,-58.782560160243065,-136.42350950891546
REINFORCE,양천구,6,-1083.3153729974601,200,-1030.507725274065,-1030.507725274065,52.80764772339512,52.80764772339512
REINFORCE,영등포구,6,-1896.9705988373582,120,-1868.5728102576952,-1868.5728102576952,28.39778857966303,28.39778857966303
REINFORCE,중구,6,-182.61475511225203,40,-179.36452148063745,-179.36452148063745,3.2502336316145772,3.2502336316145772
REINFORCE,강서구,9,-2676.0772020562486,60,-2845.980063023683,-2845.980063023683,-169.90286096743466,-169.90286096743466
REINFORCE,관악구,9,-73.94744718722015,80,-113.49080417206099,-189.2639442928522,-39.54335698484084,-115.31649710563204
REINFORCE,구로구,9,-609.5512092114152,80,-584.4950471186836,-703.4076934562089,25.056162092731597,-93.8564842447937
REINFORCE,노원구,9,-457.180474730789,20,-430.48561976414857,-503.8064279929192,26.694854966640435,-46.625953262130224
REINFORCE,서대문구,9,-139.25862312292162,180,-172.01392103287142,-178.9303190635919,-32.7552979099498,-39.671695940670276
REINFORCE,성북구,9,-102.0627157134765,20,-116.59508977414708,-122.54005269341278,-14.532374060670577,-20.47733697993627
REINFORCE,송파구,9,-1225.7996363883465,1,-1289.2862656002887,-1362.7383114345078,-63.48662921194227,-136.93867504616128
REINFORCE,양천구,9,-1083.3153729974601,80,-1070.387889966449,-1070.482643637123,12.927483031011207,12.832729360337225
REINFORCE,영등포구,9,-1896.9705988373582,180,-1947.914829285473,-1980.7763295283826,-50.944230448114695,-83.80573069102434
REINFORCE,중구,9,-182.61475511225203,20,-192.18010480169394,-212.12478747141617,-9.565349689441916,-29.510032359164143
