district,k,seed,timesteps,eval_reward,approx_kl,clip_fraction,clip_range,entropy_loss,explained_variance,learning_rate,loss,policy_gradient_loss,value_loss,baseline,eval_delta
노원구,3,123,20000.0,-405.0476685030248,1.872330904006958e-05,0.0,0.1,-0.7848233938217163,0.02970433235168457,0.0001,130.710693359375,-0.0005269352579489351,245.2829376220703,-457.180474730789,52.132806227764206
노원구,3,123,40000.0,-431.3334622630601,6.740156095474958e-05,0.0,0.1,-0.7838646054267884,0.12738484144210815,0.0001,19.852113723754883,-0.0008000180125236512,50.76018180847168,-457.180474730789,25.847012467728916
노원구,3,123,60000.0,-431.3334622630601,8.804374374449253e-05,0.0,0.1,-0.3212844729423523,0.8170099258422852,0.0001,16.203205108642578,-0.000492958864197135,43.88350639343262,-457.180474730789,25.847012467728916
노원구,3,123,80000.0,-431.3334622630601,0.0015762748662382364,0.009375,0.1,-0.698961615562439,0.8873361349105835,0.0001,11.75403881072998,-0.004693474899977445,25.66356678009033,-457.180474730789,25.847012467728916
노원구,3,123,100000.0,-414.034837555122,0.00012105097994208336,0.0,0.1,-0.5454566597938537,0.5673086047172546,0.0001,187.9296417236328,-0.0012106379494071008,338.4148742675781,-457.180474730789,43.14563717566699
노원구,3,123,120000.0,-405.12600253601073,0.0003478013095445931,0.0,0.1,-0.4790406137704849,0.9028722643852234,0.0001,9.504955291748047,-0.0002986024133861065,28.16061611175537,-457.180474730789,52.05447219477827
노원구,3,123,140000.0,-405.12600253601073,1.4283577911555767e-06,0.0,0.1,-0.4966651350259781,0.5169029235839844,0.0001,518.55859375,-8.001625537872315e-05,1193.3871032714844,-457.180474730789,52.05447219477827
노원구,3,123,160000.0,-405.12600253601073,1.7776095774024725e-05,0.0,0.1,-0.5039224803447724,0.0018927454948425293,0.0001,4771.0625,0.00037649432197213174,8580.077099609374,-457.180474730789,52.05447219477827
노원구,3,123,170000.0,-405.12600253601073,4.472440923564136e-05,0.0,0.1,-0.3225830167531967,0.30720245838165283,0.0001,647.962890625,-0.00024164402857422828,1185.7625,-457.180474730789,52.05447219477827
노원구,3,42,20000.0,-430.48561976414857,0.00017786212265491486,0.0,0.1,-0.6334112107753753,0.0037784576416015625,0.0001,25.357864379882812,-0.0009472144767642022,50.75150375366211,-457.180474730789,26.694854966640435
노원구,3,42,40000.0,-447.4015056668737,0.00040548830293118954,0.0,0.1,-0.7871439754962921,0.7437946796417236,0.0001,20.673343658447266,-0.0016555368900299072,45.69296646118164,-457.180474730789,9.778969063915326
노원구,3,42,60000.0,-452.0446716675524,5.391426384449005e-06,0.0,0.1,-0.9925541698932647,0.6590639352798462,0.0001,169.93907165527344,-7.601073011755943e-05,374.8787475585938,-457.180474730789,5.135803063236608
노원구,3,42,80000.0,-459.61999586139126,1.2056436389684677e-05,0.0,0.1,-0.97408527135849,0.5888696908950806,0.0001,722.4641723632812,-0.00020336629822850227,1634.0761474609376,-457.180474730789,-2.439521130602259
노원구,3,42,100000.0,-425.3868801739055,6.379792466759682e-06,0.0,0.1,-0.9001837909221649,0.8178134560585022,0.0001,75.63526916503906,-0.0002799713984131813,171.73566131591798,-457.180474730789,31.793594556883477
노원구,3,42,120000.0,-462.3654148917882,5.670194514095783e-05,0.0,0.1,-0.7983292281627655,0.8772109150886536,0.0001,37.939273834228516,-0.00045924317091703413,98.74468994140625,-457.180474730789,-5.18494016099919
노원구,3,42,140000.0,-458.4821977905478,2.6866327971220016e-06,0.0,0.1,-0.592997568845749,0.7829775810241699,0.0001,55.82670974731445,-8.297627791762353e-05,137.25573806762696,-457.180474730789,-1.3017230597587854
노원구,3,42,160000.0,-458.46384458964434,4.912912845611572e-05,0.0,0.1,-0.6069094479084015,0.7493998408317566,0.0001,59.47788619995117,-0.0004374573938548565,135.25441818237306,-457.180474730789,-1.2833698588553375
노원구,3,42,170000.0,-419.37322754155105,6.978132296353579e-05,0.0,0.1,-0.7199023187160491,0.9394348859786987,0.0001,21.2080020904541,-0.0003244800493121147,67.30740623474121,-457.180474730789,37.807247189237955
노원구,3,777,20000.0,-430.0683911429895,5.270121619105339e-07,0.0,0.1,-0.912355238199234,0.0147666335105896,0.0001,798.6160888671875,-2.663685008883476e-05,1678.361279296875,-457.180474730789,27.112083587799475
노원구,3,777,40000.0,-430.0683911429895,3.7474092096090317e-07,0.0,0.1,-0.7355279207229615,0.07894521951675415,0.0001,298.6175231933594,-8.710408583283425e-05,548.8928955078125,-457.180474730789,27.112083587799475
노원구,3,777,60000.0,-430.0683911429895,1.9065337255597115e-05,0.0,0.1,-0.7372932493686676,0.34017425775527954,0.0001,144.1736602783203,-0.0005177643150091171,337.4374237060547,-457.180474730789,27.112083587799475
노원구,3,777,80000.0,-430.0683911429895,1.78235350176692e-05,0.0,0.1,-0.730780303478241,0.2826113700866699,0.0001,449.4568786621094,-0.0003839663229882717,820.8594543457032,-457.180474730789,27.112083587799475
노원구,3,777,100000.0,-429.7356709839901,8.937623351812363e-05,0.0,0.1,-1.0785467743873596,0.5815668702125549,0.0001,141.9964141845703,-0.0009363655000925065,285.3677291870117,-457.180474730789,27.444803746798925
노원구,3,777,120000.0,-459.4442503147606,8.478527888655663e-06,0.0,0.1,-0.7209863364696503,0.6763190627098083,0.0001,24.283714294433594,-0.00021437602117657661,65.85842094421386,-457.180474730789,-2.263775583971608
노원구,3,777,140000.0,-440.7798838489901,1.7657876014709473e-06,0.0,0.1,-0.7921030163764954,0.5033056735992432,0.0001,1104.889404296875,-5.371728911995888e-05,2091.312841796875,-457.180474730789,16.400590881798905
노원구,3,777,160000.0,-459.895765785849,6.247777491807938e-06,0.0,0.1,-0.6199899971485138,0.6233927011489868,0.0001,894.8483276367188,-0.00025919955223798754,1641.074169921875,-457.180474730789,-2.7152910550599927
노원구,3,777,170000.0,-432.12538550053375,0.00016073998995125294,0.0,0.1,-0.8232735991477966,0.6708753108978271,0.0001,861.6214599609375,-0.0004496308043599129,1780.0742309570312,-457.180474730789,25.05508923025525
동대문구,3,123,20000.0,-341.28582303672374,3.507465589791536e-05,0.0,0.1,-0.7631587624549866,0.0034359097480773926,0.0001,83.93049621582031,-0.0007360850460827351,145.37644577026367,-321.128317502743,-20.157505533980725
동대문구,3,123,40000.0,-340.9979221553106,0.00010660768020898104,0.0,0.1,-0.5584673106670379,0.06969797611236572,0.0001,631.5950927734375,-0.0002689509652554989,1042.4751098632812,-321.128317502743,-19.869604652567602
동대문구,3,123,60000.0,-346.16412956672525,3.0616181902587414e-05,0.0,0.1,-0.7370254456996918,0.24807429313659668,0.0001,943.9888305664062,0.00017365980893373488,1976.1918090820313,-321.128317502743,-25.035812063982235
동대문구,3,123,80000.0,-341.0230077353321,0.0003367199678905308,0.0,0.1,-0.5475168287754059,0.8967623114585876,0.0001,4.875521659851074,-0.0010004887357354165,16.057527351379395,-321.128317502743,-19.894690232589085
동대문구,3,123,100000.0,-341.76473493931053,2.3560132831335068e-06,0.0,0.1,-0.767780888080597,0.37068480253219604,0.0001,554.7953491210938,-0.0001271691173315048,1395.5211547851563,-321.128317502743,-20.636417436567513
동대문구,3,123,120000.0,-340.37388305525786,5.8490666560828686e-05,0.0,0.1,-0.4284434258937836,0.9584389925003052,0.0001,13.053811073303223,-0.0009042796678841114,37.21468296051025,-321.128317502743,-19.245565552514847
동대문구,3,123,140000.0,-338.92528692992715,4.282500594854355e-05,0.0,0.1,-0.7305206716060638,0.5871371030807495,0.0001,803.1627807617188,0.0003132358193397522,1731.396337890625,-321.128317502743,-17.796969427184138
동대문구,3,123,160000.0,-324.9947120075369,0.00044909154530614614,0.0,0.1,-0.5736150085926056,0.5956752300262451,0.0001,13.552949905395508,-0.002011333731934428,40.7398193359375,-321.128317502743,-3.8663945047939023
동대문구,3,123,170000.0,-319.45480103152767,0.0003204686800017953,0.0,0.1,-0.6659443318843842,0.7112958431243896,0.0001,251.7834930419922,0.0006539490073919296,743.0248809814453,-321.128317502743,1.6735164712153505
동대문구,3,42,20000.0,-314.8661891278425,2.0347069948911667e-06,0.0,0.1,-0.6902911365032196,0.03782576322555542,0.0001,194.4951934814453,-0.00010721851140260696,459.87493591308595,-321.128317502743,6.262128374900499
동대문구,3,42,40000.0,-333.786632955038,2.406095154583454e-05,0.0,0.1,-0.7236498117446899,0.3339518904685974,0.0001,115.18933868408203,-0.0006727651692926883,257.0337615966797,-321.128317502743,-12.658315452294971
동대문구,3,42,60000.0,-336.0473561453973,7.316167466342449e-05,0.0,0.1,-0.7117446899414063,0.5196144580841064,0.0001,71.94198608398438,-0.0004556272178888321,169.7955551147461,-321.128317502743,-14.9190386426543
동대문구,3,42,80000.0,-324.65305484273597,2.1745683625340462e-05,0.0,0.1,-0.7167443990707397,0.3702845573425293,0.0001,969.0130004882812,-1.9281450659036636e-05,2451.8330322265624,-321.128317502743,-3.524737339992953
동대문구,3,42,100000.0,-334.76654033929697,3.5120174288749695e-06,0.0,0.1,-0.8177964746952057,0.8558898568153381,0.0001,28.17719078063965,0.00017321594059467317,81.86729049682617,-321.128317502743,-13.63822283655395
동대문구,3,42,120000.0,-341.2737576730208,0.00010338262654840946,0.0,0.1,-0.8870477497577667,0.2085621953010559,0.0001,27.861148834228516,-0.0007957630325108767,65.34552879333496,-321.128317502743,-20.145440170277766
동대문구,3,42,140000.0,-339.217104994462,2.1512387320399284e-05,0.0,0.1,-0.6631785750389099,0.8087835311889648,0.0001,24.3881778717041,-0.0001573569606989622,67.21548919677734,-321.128317502743,-18.08878749171896
동대문구,3,42,160000.0,-317.6544363568734,1.2919306755065918e-05,0.0,0.1,-0.8541235625743866,0.6663023233413696,0.0001,189.20468139648438,-0.0003149835392832756,410.452490234375,-321.128317502743,3.4738811458695977
동대문구,3,42,170000.0,-315.93255617540524,1.6516190953552723e-05,0.0,0.1,-0.7396766722202301,0.5795650482177734,0.0001,937.5009765625,-0.0006536039523780346,1691.1462646484374,-321.128317502743,5.195761327337777
동대문구,3,777,20000.0,-315.29366871271384,2.5908229872584343e-06,0.0,0.1,-1.0002761840820313,0.012249886989593506,0.0001,520.364501953125,-4.2100809514522554e-05,979.9839233398437,-321.128317502743,5.834648790029178
동대문구,3,777,40000.0,-315.29366871271384,0.0005356367328204215,0.0,0.1,-0.7800174176692962,0.23288732767105103,0.0001,291.1387634277344,-0.002962541114538908,667.1219482421875,-321.128317502743,5.834648790029178
동대문구,3,777,60000.0,-315.4766845534684,3.266730345785618e-06,0.0,0.1,-0.8460855126380921,0.0625792145729065,0.0001,443.88153076171875,0.0001033781562000513,1090.5072021484375,-321.128317502743,5.651632949274642
동대문구,3,777,80000.0,-320.4750224051849,6.714719347655773e-06,0.0,0.1,-0.6582668364048004,0.8903716802597046,0.0001,27.537031173706055,-0.0001129655633121729,71.40735130310058,-321.128317502743,0.6532950975581002
동대문구,3,777,100000.0,-315.5214538019602,0.0001605669967830181,0.0,0.1,-0.8167792797088623,0.6925932168960571,0.0001,87.62512969970703,-0.0006702673621475696,135.21986618041993,-321.128317502743,5.60686370078281
동대문구,3,777,120000.0,-315.29366871271384,2.4691689759492874e-06,0.0,0.1,-0.6091926515102386,0.5053126811981201,0.0001,761.6078491210938,-6.82968646287918e-05,1076.3405212402345,-321.128317502743,5.834648790029178
동대문구,3,777,140000.0,-315.29366871271384,1.17794843390584e-05,0.0,0.1,-0.5441555321216583,0.7423064708709717,0.0001,143.10980224609375,-0.000166445504873991,260.1948303222656,-321.128317502743,5.834648790029178
동대문구,3,777,160000.0,-315.29366871271384,2.7414032956585288e-05,0.0,0.1,-0.26814485192298887,0.6764508485794067,0.0001,478.0939025878906,0.0002279277890920639,1244.1497131347655,-321.128317502743,5.834648790029178
동대문구,3,777,170000.0,-315.29366871271384,1.728847564663738e-06,0.0,0.1,-0.21758517473936081,0.5849326848983765,0.0001,573.9761352539062,6.172433495521546e-06,1370.7074829101562,-321.128317502743,5.834648790029178
마포구,3,123,20000.0,-487.0172135618866,1.3456679880619049e-05,0.0,0.1,-0.9083356201648712,0.001228928565979004,0.0001,3016.990966796875,0.0001916654407978058,5941.144873046875,-490.3667980298629,3.3495844679762854
마포구,3,123,40000.0,-486.9276682372136,1.9848812371492386e-07,0.0,0.1,-0.7671498954296112,0.0865212082862854,0.0001,2369.5341796875,8.528586477041245e-06,5753.239697265625,-490.3667980298629,3.4391297926492825
마포구,3,123,60000.0,-471.5829201136535,7.722992449998856e-07,0.0,0.1,-0.7732533156871796,0.35396456718444824,0.0001,2433.6962890625,4.409812390804291e-05,4210.706518554687,-490.3667980298629,18.783877916209406
마포구,3,123,80000.0,-467.3692232150435,5.171168595552444e-07,0.0,0.1,-0.78001748919487,0.2886168360710144,0.0001,2731.480712890625,3.071501851081848e-07,4778.5623046875,-490.3667980298629,22.99757481481936
마포구,3,123,100000.0,-445.27216982935215,4.5050401240587234e-06,0.0,0.1,-0.729732358455658,0.6770043969154358,0.0001,259.7817077636719,-0.0001727708615362644,614.1767883300781,-490.3667980298629,45.094628200510726
마포구,3,123,120000.0,-453.09674724289783,2.807704731822014e-05,0.0,0.1,-0.6785487771034241,0.8294825553894043,0.0001,21.750322341918945,-0.0003142626024782658,75.17801437377929,-490.3667980298629,37.270050786965044
마포구,3,123,140000.0,-461.53695670352624,6.528571248054504e-06,0.0,0.1,-0.8855151474475861,0.5820058584213257,0.0001,836.7256469726562,-0.00012481948360800743,1788.9538208007812,-490.3667980298629,28.829841326336634
마포구,3,123,160000.0,-446.9526008087722,0.0001617663074284792,0.0,0.1,-0.9729318618774414,0.8135760426521301,0.0001,391.8572082519531,9.94240865111351e-05,903.5471130371094,-490.3667980298629,43.41419722109066
마포구,3,123,170000.0,-444.4922915440856,1.8192455172538757e-05,0.0,0.1,-0.7677509665489197,0.5963188409805298,0.0001,44.400474548339844,-0.0003370916470885277,147.1202835083008,-490.3667980298629,45.87450648577726
마포구,3,42,20000.0,-445.7524071909575,3.30386683344841e-07,0.0,0.1,-0.773123687505722,0.003457784652709961,0.0001,1003.6422119140625,-3.3156760036945346e-05,1628.4179809570312,-490.3667980298629,44.614390838905365
마포구,3,42,40000.0,-476.2184926973767,2.5506597012281418e-06,0.0,0.1,-0.8082972407341004,0.20355677604675293,0.0001,218.8627471923828,-0.000137417484074831,446.8475311279297,-490.3667980298629,14.148305332486188
마포구,3,42,60000.0,-459.4916366254223,1.2353993952274323e-06,0.0,0.1,-0.980543053150177,0.06271332502365112,0.0001,844.1470336914062,-0.00010336656123399734,2050.005822753906,-490.3667980298629,30.875161404440576
마포구,3,42,80000.0,-466.0899428916426,2.0460691303014755e-05,0.0,0.1,-0.8852509200572968,0.3595050573348999,0.0001,223.788818359375,-0.00035243239253759386,472.08092041015624,-490.3667980298629,24.2768551382203
마포구,3,42,100000.0,-445.7524071909575,4.847592208534479e-05,0.0,0.1,-0.5168881773948669,0.837694525718689,0.0001,24.572538375854492,-0.00038819857873022555,59.99959449768066,-490.3667980298629,44.614390838905365
마포구,3,42,120000.0,-445.7524071909575,0.0003061417955905199,0.0,0.1,-0.5967034220695495,0.9392978549003601,0.0001,13.042548179626465,-0.001124558039009571,32.89173355102539,-490.3667980298629,44.614390838905365
마포구,3,42,140000.0,-445.7524071909575,3.912369720637798e-06,0.0,0.1,-0.8027699947357178,0.6700842380523682,0.0001,419.1690979003906,-0.00020401924848556519,1002.7656921386719,-490.3667980298629,44.614390838905365
마포구,3,42,160000.0,-445.7524071909575,3.394263330847025e-05,0.0,0.1,-0.40639236867427825,0.4065840244293213,0.0001,367.2191162109375,-0.0007078572176396847,727.0277587890625,-490.3667980298629,44.614390838905365
마포구,3,42,170000.0,-445.7524071909575,0.0008965986780822277,0.0,0.1,-0.6790051698684693,0.4593883752822876,0.0001,789.8616333007812,0.0005036028102040291,1521.338916015625,-490.3667980298629,44.614390838905365
마포구,3,777,20000.0,-445.79867892571855,0.00010261556599289179,0.0,0.1,-0.8216456234455108,0.037132203578948975,0.0001,1636.79150390625,-9.79546457529068e-06,3850.1815185546875,-490.3667980298629,44.56811910414433
마포구,3,777,40000.0,-445.79867892571855,0.0001223430735990405,0.0,0.1,-0.38952070772647857,0.8474345803260803,0.0001,13.021744728088379,-0.0005473864264786243,37.78411235809326,-490.3667980298629,44.56811910414433
마포구,3,777,60000.0,-445.79867892571855,0.00015277729835361242,0.0,0.1,-0.8228080630302429,0.6162710189819336,0.0001,82.74132537841797,-0.0004554457264021039,204.93272094726564,-490.3667980298629,44.56811910414433
마포구,3,777,80000.0,-445.79867892571855,1.3998476788401604e-05,0.0,0.1,-0.8854214549064636,0.40117621421813965,0.0001,669.0956420898438,4.1392166167497635e-05,1648.2200073242188,-490.3667980298629,44.56811910414433
마포구,3,777,100000.0,-448.8134062920754,1.7061480320990086e-05,0.0,0.1,-0.8833750307559967,0.4895325303077698,0.0001,1000.5990600585938,-0.00012550652027130127,1799.6688232421875,-490.3667980298629,41.55339173778748
마포구,3,777,120000.0,-452.6583788799561,0.00019761838484555483,0.0,0.1,-0.894689393043518,0.913999617099762,0.0001,18.821083068847656,-0.0010596142150461675,44.46134262084961,-490.3667980298629,37.708419149906774
마포구,3,777,140000.0,-445.79867892571855,9.86544182524085e-06,0.0,0.1,-0.6907002866268158,0.6412631273269653,0.0001,126.18150329589844,-0.00041799452155828477,357.8082794189453,-490.3667980298629,44.56811910414433
마포구,3,777,160000.0,-445.6297512443205,6.764475256204605e-05,0.0,0.1,-0.8544046580791473,0.8625212907791138,0.0001,122.17576599121094,-0.0008941128849983216,287.4112030029297,-490.3667980298629,44.73704678554236
마포구,3,777,170000.0,-445.79867892571855,0.000470647937618196,0.0,0.1,-0.819632625579834,0.5407179594039917,0.0001,1792.0240478515625,-0.0009413652122020721,3774.345166015625,-490.3667980298629,44.56811910414433
송파구,3,123,20000.0,-1190.149014591007,4.365341737866402e-06,0.0,0.1,-1.0050896465778352,-6.4373016357421875e-06,0.0001,348.2892761230469,-0.0001977461390197277,680.3513671875,-1225.7996363883465,35.650621797339454
송파구,3,123,40000.0,-1197.9681572956624,9.266659617424011e-08,0.0,0.1,-0.8630789577960968,3.8504600524902344e-05,0.0001,1887.50146484375,-2.405717968940735e-05,4291.910595703125,-1225.7996363883465,27.83147909268405
송파구,3,123,60000.0,-1243.371891453659,3.1718285754323006e-05,0.0,0.1,-0.8729796946048737,3.808736801147461e-05,0.0001,862.42138671875,-0.00029743460472673176,1848.3138671875,-1225.7996363883465,-17.572255065312447
송파구,3,123,80000.0,-1240.9013358146067,6.437604315578938e-05,0.0,0.1,-0.7552727162837982,6.109476089477539e-05,0.0001,403.46392822265625,0.00017883870750665665,787.1288879394531,-1225.7996363883465,-15.101699426260211
송파구,3,123,100000.0,-1178.7631978391557,7.043464574962854e-05,0.0,0.1,-0.96868394613266,1.4424324035644531e-05,0.0001,3367.23828125,-2.847719006240368e-05,6766.756005859375,-1225.7996363883465,47.036438549190734
송파구,3,123,120000.0,-1177.6874456205528,2.7751200832426548e-05,0.0,0.1,-0.7040019929409027,0.580083966255188,0.0001,251.7239227294922,-0.0005520463921129704,554.4465881347656,-1225.7996363883465,48.11219076779366
송파구,3,123,140000.0,-1179.928969493257,4.5782653614878654e-06,0.0,0.1,-0.7736024498939514,0.31619536876678467,0.0001,1024.3287353515625,-8.10103490948677e-05,2196.699951171875,-1225.7996363883465,45.87066689508947
송파구,3,123,160000.0,-1179.3728773038883,1.2980075553059578e-05,0.0,0.1,-0.5564228296279907,0.7998309135437012,0.0001,69.46025085449219,9.924173355102538e-07,291.13516998291016,-1225.7996363883465,46.426759084458126
송파구,3,123,170000.0,-1177.7321590937843,7.606577128171921e-07,0.0,0.1,-0.694166648387909,0.7322014570236206,0.0001,683.3707885742188,-0.00010040872730314732,1385.3522827148438,-1225.7996363883465,48.067477294562195
송파구,3,42,20000.0,-1173.8190562112452,1.9175116904079914e-05,0.0,0.1,-0.5361982405185699,5.054473876953125e-05,0.0001,7269.7353515625,-7.879480253905057e-05,11331.77470703125,-1225.7996363883465,51.980580177101274
송파구,3,42,40000.0,-1184.199212050885,4.486646503210068e-07,0.0,0.1,-0.9096207439899444,7.331371307373047e-06,0.0001,8078.78515625,1.4268793165683746e-05,16000.54912109375,-1225.7996363883465,41.60042433746139
송파구,3,42,60000.0,-1238.4762831260202,7.196562364697456e-06,0.0,0.1,-0.6256326675415039,3.796815872192383e-05,0.0001,1252.8568115234375,-0.00019233459606766702,2419.9719970703127,-1225.7996363883465,-12.676646737673764
송파구,3,42,80000.0,-1275.2149721154847,6.239861249923706e-07,0.0,0.1,-1.006315040588379,2.205371856689453e-06,0.0001,15759.2939453125,2.3781321942806244e-06,30455.903125,-1225.7996363883465,-49.4153357271382
송파구,3,42,100000.0,-1173.8190562112452,7.898418698459864e-05,0.0,0.1,-0.6073656380176544,1.519918441772461e-05,0.0001,1990.5946044921875,-0.0007191403768956661,3443.5458251953123,-1225.7996363883465,51.980580177101274
송파구,3,42,120000.0,-1173.8190562112452,7.430673576891422e-06,0.0,0.1,-0.5856038570404053,2.3603439331054688e-05,0.0001,300.58038330078125,-0.00012379540130496024,605.8412353515625,-1225.7996363883465,51.980580177101274
송파구,3,42,140000.0,-1173.8190562112452,1.2242235243320465e-06,0.0,0.1,-0.5979762971401215,0.03403204679489136,0.0001,4694.6220703125,-6.690826267004013e-05,9974.5232421875,-1225.7996363883465,51.980580177101274
송파구,3,42,160000.0,-1173.8190562112452,8.690403774380684e-07,0.0,0.1,-0.44208872616291045,0.9733139872550964,0.0001,13.85171127319336,-6.987289525568485e-05,39.66182537078858,-1225.7996363883465,51.980580177101274
송파구,3,42,170000.0,-1173.8190562112452,5.962792783975601e-07,0.0,0.1,-0.5666084229946137,0.711281418800354,0.0001,295.08746337890625,-2.408195286989212e-05,641.2412963867188,-1225.7996363883465,51.980580177101274
송파구,3,777,20000.0,-1215.5474805979998,0.0003338723909109831,0.0,0.1,-0.9815734624862671,-2.5987625122070312e-05,0.0001,46.062686920166016,-0.0009215790778398514,100.07984619140625,-1225.7996363883465,10.252155790346706
송파구,3,777,40000.0,-1213.2270098996514,4.805624485015869e-07,0.0,0.1,-0.8517312586307526,0.00010091066360473633,0.0001,786.2107543945312,-2.851104363799095e-05,1331.1175537109375,-1225.7996363883465,12.57262648869505
송파구,3,777,60000.0,-1243.389059775495,4.4761691242456436e-07,0.0,0.1,-0.830687552690506,0.004274308681488037,0.0001,5383.78857421875,-7.05420970916748e-06,10327.77880859375,-1225.7996363883465,-17.5894233871486
송파구,3,777,80000.0,-1244.4589347002152,2.116081304848194e-06,0.0,0.1,-0.7197726011276245,0.15598219633102417,0.0001,93.05691528320312,-0.00011326209641993046,259.3094757080078,-1225.7996363883465,-18.659298311868724
송파구,3,777,100000.0,-1243.5912391665845,7.504480890929699e-06,0.0,0.1,-0.7599550247192383,0.8127325773239136,0.0001,205.72869873046875,-0.00015088189393281938,401.5029327392578,-1225.7996363883465,-17.79160277823803
송파구,3,777,120000.0,-1243.2642476141052,8.088524919003248e-05,0.0,0.1,-0.7207102477550507,0.6410499811172485,0.0001,885.975830078125,0.0009196639060974121,1844.2927734375,-1225.7996363883465,-17.464611225758745
송파구,3,777,140000.0,-1242.3832861780807,5.2386894822120667e-08,0.0,0.1,-0.7241802334785461,0.16611140966415405,0.0001,14147.779296875,-1.2878701090812683e-05,24483.455078125,-1225.7996363883465,-16.58364978973418
송파구,3,777,160000.0,-1243.5189084185686,3.27106099575758e-05,0.0,0.1,-0.8147166013717652,0.3026275038719177,0.0001,1065.77294921875,-0.0002065451815724373,2007.4936401367188,-1225.7996363883465,-17.7192720302221
송파구,3,777,170000.0,-1244.0436242393134,0.00011753931175917387,0.0,0.1,-0.8132090508937836,0.8453024625778198,0.0001,489.7181091308594,-0.0008514842018485069,1055.8082336425782,-1225.7996363883465,-18.24398785096696
양천구,3,123,20000.0,-1109.6738628417054,2.7974601835012436e-06,0.0,0.1,-0.8304808974266052,0.0007799267768859863,0.0001,971.5324096679688,-8.624414913356304e-05,1934.0433837890625,-1083.31537299746,-26.35848984424547
양천구,3,123,40000.0,-1107.8467866722751,2.9802322387695312e-08,0.0,0.1,-0.6970707416534424,0.0003133416175842285,0.0001,3005.57958984375,-7.740361616015434e-06,5183.612646484375,-1083.31537299746,-24.531413674815212
양천구,3,123,60000.0,-1091.7810869960385,2.7730711735785007e-05,0.0,0.1,-1.0487140893936158,0.003320157527923584,0.0001,280.49810791015625,-0.0005746704991906881,665.1894226074219,-1083.31537299746,-8.465713998578622
양천구,3,123,80000.0,-1067.134895837221,0.0001459992490708828,0.0,0.1,-1.001131796836853,0.3824117183685303,0.0001,96.73860168457031,-0.001106055174022913,205.91431579589843,-1083.31537299746,16.18047716023898
양천구,3,123,100000.0,-1067.1665381878865,1.0513700544834137e-05,0.0,0.1,-0.9698273241519928,0.7072518467903137,0.0001,139.10426330566406,-0.000278476276434958,239.40609130859374,-1083.31537299746,16.148834809573373
양천구,3,123,120000.0,-1074.7906916636286,1.688394695520401e-05,0.0,0.1,-0.9056379675865174,0.5636501908302307,0.0001,701.6101684570312,-0.0006004523485898972,1260.7356506347655,-1083.31537299746,8.524681333831268
양천구,3,123,140000.0,-1106.116759090104,4.17931005358696e-07,0.0,0.1,-0.5760602533817292,0.3677220940589905,0.0001,2715.166015625,-7.196022197604179e-05,6505.032275390625,-1083.31537299746,-22.80138609264418
양천구,3,123,160000.0,-1038.2293200804716,2.3819738999009132e-06,0.0,0.1,-0.7866631388664246,0.24161136150360107,0.0001,4076.396240234375,-1.7994362860918044e-05,7458.50234375,-1083.31537299746,45.086052916988365
양천구,3,123,170000.0,-1033.2634579697528,1.453794538974762e-06,0.0,0.1,-0.5343082398176193,0.9142201542854309,0.0001,94.72403717041016,-6.255730986595153e-05,236.44017028808594,-1083.31537299746,50.05191502770708
양천구,3,42,20000.0,-1064.5721203170017,0.002907204208895564,0.0671875,0.1,-0.6084501266479492,-0.0007680654525756836,0.0001,18.33756446838379,-0.007014590036123991,41.822398567199706,-1083.31537299746,18.743252680458227
양천구,3,42,40000.0,-1070.9819200114655,3.5257311537861824e-05,0.0,0.1,-0.9256787240505219,0.0018447041511535645,0.0001,2503.89404296875,0.00012649688869714737,5023.385009765625,-1083.31537299746,12.333452985994427
양천구,3,42,60000.0,-1070.482643637123,2.882443368434906e-07,0.0,0.1,-0.8415438830852509,0.010881006717681885,0.0001,11405.375,-2.9010698199272156e-06,21917.4193359375,-1083.31537299746,12.832729360336998
양천구,3,42,80000.0,-1070.482643637123,1.3967743143439293e-05,0.0,0.1,-0.8281473338603973,0.303733766078949,0.0001,2039.9130859375,0.00012949639931321145,4515.707934570312,-1083.31537299746,12.832729360336998
양천구,3,42,100000.0,-1070.482643637123,4.1433784645050764e-05,0.0,0.1,-0.4052332669496536,0.6113632917404175,0.0001,811.1859741210938,-0.0005905807018280029,1715.7333740234376,-1083.31537299746,12.832729360336998
양천구,3,42,120000.0,-1070.482643637123,1.0742282029241323e-05,0.0,0.1,-0.421019458770752,0.37499403953552246,0.0001,421.14093017578125,-0.00013779308646917344,811.6331848144531,-1083.31537299746,12.832729360336998
양천구,3,42,140000.0,-1070.482643637123,0.0007038566982373595,0.00078125,0.1,-0.6494710743427277,0.4438791275024414,0.0001,663.4918212890625,-0.0029509897343814374,1488.5071044921874,-1083.31537299746,12.832729360336998
양천구,3,42,160000.0,-1070.482643637123,9.458180284127593e-05,0.0,0.1,-0.6761900305747985,0.5045687556266785,0.0001,1489.15673828125,-0.0008595721796154976,2935.934814453125,-1083.31537299746,12.832729360336998
양천구,3,42,170000.0,-1070.482643637123,3.335473593324423e-06,0.0,0.1,-0.5024968236684799,0.9066704511642456,0.0001,77.28955841064453,0.00010740580037236214,229.83141479492187,-1083.31537299746,12.832729360336998
양천구,3,777,20000.0,-1055.7440066618753,1.0617077350616455e-07,0.0,0.1,-0.87301225066185,0.00045818090438842773,0.0001,4253.45654296875,-2.284124493598938e-05,8226.903857421876,-1083.31537299746,27.57136633558457
양천구,3,777,40000.0,-1045.1649925474194,7.147900760173798e-08,0.0,0.1,-1.001214760541916,0.00012415647506713867,0.0001,2811.137451171875,-2.1827779710292818e-05,6312.749462890625,-1083.31537299746,38.15038045004053
양천구,3,777,60000.0,-1078.4344045149526,4.214933142066002e-06,0.0,0.1,-1.0797187566757203,0.002356886863708496,0.0001,2672.178466796875,-0.00011650975793600082,5160.47587890625,-1083.31537299746,4.880968482507342
양천구,3,777,80000.0,-1094.8259756097125,1.0001473128795624e-05,0.0,0.1,-0.7549730241298676,0.658105731010437,0.0001,27.282878875732422,-0.00041600759141147137,65.61079406738281,-1083.31537299746,-11.510602612252569
양천구,3,777,100000.0,-1093.2086643385053,1.4337827451527119e-05,0.0,0.1,-0.8430901050567627,0.8896961808204651,0.0001,60.00520706176758,-0.00020594270899891852,136.10062255859376,-1083.31537299746,-9.89329134104537
양천구,3,777,120000.0,-1095.094868843159,3.6996789276599884e-07,0.0,0.1,-0.8563203155994416,0.015163719654083252,0.0001,7039.62841796875,-4.870686680078506e-05,15193.67958984375,-1083.31537299746,-11.779495845699103
양천구,3,777,140000.0,-1106.0643552340814,7.404712960124016e-06,0.0,0.1,-0.8021710753440857,0.42422038316726685,0.0001,1246.596435546875,-2.1396204829216003e-05,2590.0748779296873,-1083.31537299746,-22.748982236621487
양천구,3,777,160000.0,-1089.3557220053806,6.944546476006508e-05,0.0,0.1,-0.9526226580142975,0.7827327251434326,0.0001,188.5773162841797,0.0001879168674349785,386.8270660400391,-1083.31537299746,-6.040349007920668
양천구,3,777,170000.0,-1095.3387133063252,3.3033546060323715e-05,0.0,0.1,-0.5669552862644196,0.8590993285179138,0.0001,52.52700424194336,-0.00041731270030140875,215.17728729248046,-1083.31537299746,-12.023340308865272
영등포구,3,123,20000.0,-1867.9777638169683,1.287553459405899e-07,0.0,0.1,-0.8516611635684967,0.00014060735702514648,0.0001,8742.6943359375,-7.382761687040329e-05,17790.98505859375,-1896.9705988373585,28.992835020390203
영등포구,3,123,40000.0,-1848.8748274601646,1.5296973288059235e-06,0.0,0.1,-1.0308989882469177,4.3332576751708984e-05,0.0001,5316.10498046875,-8.013378828763962e-05,13218.23720703125,-1896.9705988373585,48.09577137719384
영등포구,3,123,60000.0,-1843.8885804984375,2.5066197849810123e-05,0.0,0.1,-0.8203488171100617,4.571676254272461e-05,0.0001,26421.8125,-8.034948259592057e-05,46510.25078125,-1896.9705988373585,53.08201833892099
영등포구,3,123,80000.0,-1844.3685492624766,2.0139850676059723e-07,0.0,0.1,-0.9952518939971924,0.018381357192993164,0.0001,2820.899169921875,-3.189984709024429e-05,6670.465869140625,-1896.9705988373585,52.6020495748819
영등포구,3,123,100000.0,-1843.443558052105,2.688029780983925e-06,0.0,0.1,-1.0303634524345398,0.05600333213806152,0.0001,10441.6845703125,7.052235305309296e-05,19920.59072265625,-1896.9705988373585,53.527040785253575
영등포구,3,123,120000.0,-1849.620247693641,1.9136350601911545e-06,0.0,0.1,-0.5676880776882172,0.10290384292602539,0.0001,8836.5625,-9.316317737102508e-05,19490.6580078125,-1896.9705988373585,47.35035114371749
영등포구,3,123,140000.0,-1848.7323913108135,3.17208468914032e-06,0.0,0.1,-1.0624099612236022,0.06400406360626221,0.0001,31883.041015625,-4.4078193604946135e-05,59609.50625,-1896.9705988373585,48.23820752654501
영등포구,3,123,160000.0,-1847.9920294870385,2.543209120631218e-06,0.0,0.1,-0.9239419460296631,0.22806906700134277,0.0001,13031.009765625,-0.00010646316222846508,24741.835546875,-1896.9705988373585,48.97856935031996
영등포구,3,123,170000.0,-1848.6610938289823,0.00021156994625926018,0.0,0.1,-1.0293225407600404,0.021972715854644775,0.0001,18297.607421875,-0.000393969751894474,42099.57421875,-1896.9705988373585,48.30950500837616
영등포구,3,42,20000.0,-1879.2013284056356,0.003320123068988323,0.07109375,0.1,-0.8180662572383881,-4.184246063232422e-05,0.0001,22.763626098632812,-0.003089681640267372,60.21153106689453,-1896.9705988373585,17.769270431722816
영등포구,3,42,40000.0,-1847.66148743475,2.8638169169425964e-08,0.0,0.1,-0.7733577370643616,1.806020736694336e-05,0.0001,8619.44921875,-1.4137662947177888e-05,19010.7673828125,-1896.9705988373585,49.30911140260855
영등포구,3,42,60000.0,-1859.7230596549994,3.3460091799497604e-06,0.0,0.1,-1.0618483424186707,-1.0728836059570312e-06,0.0001,5373.71044921875,-5.9086689725518225e-05,10577.8609375,-1896.9705988373585,37.247539182359105
영등포구,3,42,80000.0,-1845.5648964789798,1.800013706088066e-06,0.0,0.1,-0.8620598673820495,1.3589859008789062e-05,0.0001,3984.660888671875,-0.00017260778695344926,6987.475732421875,-1896.9705988373585,51.405702358378676
영등포구,3,42,100000.0,-1859.3605238586886,2.3329630494117737e-07,0.0,0.1,-0.7571103990077972,1.33514404296875e-05,0.0001,15534.091796875,-1.9099563360214233e-05,32853.496875,-1896.9705988373585,37.6100749786699
영등포구,3,42,120000.0,-1888.1363958983893,4.902482032775879e-06,0.0,0.1,-0.8589121997356415,2.09808349609375e-05,0.0001,2342.43798828125,-6.916029378771782e-05,5407.102783203125,-1896.9705988373585,8.834202938969156
영등포구,3,42,140000.0,-1878.2581957080724,1.8649734556674957e-07,0.0,0.1,-0.9155997633934021,0.016129136085510254,0.0001,34117.8203125,-1.5827640891075134e-05,52206.9265625,-1896.9705988373585,18.71240312928603
영등포구,3,42,160000.0,-1877.744971339094,5.657784640789032e-08,0.0,0.1,-1.0908775210380555,0.004112064838409424,0.0001,23765.66796875,1.8347054719924927e-06,56765.090625,-1896.9705988373585,19.22562749826443
영등포구,3,42,170000.0,-1871.8544673099943,5.583278834819794e-07,0.0,0.1,-0.773378187417984,0.2854316830635071,0.0001,16538.2890625,-9.627984836697578e-05,27724.76015625,-1896.9705988373585,25.116131527364132
영등포구,3,777,20000.0,-1896.7936204738496,1.1243391782045364e-06,0.0,0.1,-0.9647095203399658,-3.719329833984375e-05,0.0001,2737.09814453125,-4.952084273099899e-05,6271.430517578125,-1896.9705988373585,0.17697836350885154
영등포구,3,777,40000.0,-1885.6431876927968,3.25031578540802e-07,0.0,0.1,-0.860994815826416,1.150369644165039e-05,0.0001,2778.3359375,-3.605065867304802e-05,7076.578564453125,-1896.9705988373585,11.327411144561665
영등포구,3,777,60000.0,-1876.910843504405,9.181560017168522e-06,0.0,0.1,-0.5619121789932251,1.9311904907226562e-05,0.0001,42.39913558959961,-0.00018367189913988114,89.31080932617188,-1896.9705988373585,20.0597553329535
영등포구,3,777,80000.0,-1871.706662560554,4.815170541405678e-06,0.0,0.1,-0.9714062631130218,0.006783664226531982,0.0001,30.22347640991211,-0.00030499007552862165,63.56790962219238,-1896.9705988373585,25.263936276804543
영등포구,3,777,100000.0,-1859.662615007738,5.32250851392746e-07,0.0,0.1,-0.7494965851306915,0.059217989444732666,0.0001,561.4049682617188,-5.781548097729683e-05,934.7340759277344,-1896.9705988373585,37.307983829620525
영등포구,3,777,120000.0,-1863.9459730949482,3.585591912269592e-08,0.0,0.1,-0.8077028512954711,0.06344103813171387,0.0001,16701.115234375,-2.587493509054184e-06,39781.9240234375,-1896.9705988373585,33.02462574241031
영등포구,3,777,140000.0,-1877.4890534095216,6.475020200014114e-06,0.0,0.1,-0.668141371011734,0.5743629932403564,0.0001,286.86749267578125,-0.0002775914967060089,745.776611328125,-1896.9705988373585,19.481545427836863
영등포구,3,777,160000.0,-1881.6344743439975,7.48317688703537e-07,0.0,0.1,-0.8031732559204101,0.745751142501831,0.0001,358.70245361328125,-0.00011602342128753662,754.1092468261719,-1896.9705988373585,15.336124493361012
영등포구,3,777,170000.0,-1883.0725383921115,6.53555616736412e-07,0.0,0.1,-0.6556062281131745,0.47918224334716797,0.0001,1418.300048828125,-5.782758817076683e-05,3223.5201904296873,-1896.9705988373585,13.898060445246983
