district,station_count,active_station_count,forecast_status,train_status,baseline_avg_reward,best_avg_reward,final_avg_reward,best_delta_vs_baseline,final_delta_vs_baseline,best_episode,forecast_mae_rent,forecast_mae_return,train_log,forecast_path
강남구,201,179,ok,ok,-531.69,-481.9703800122082,-481.9703800122082,49.71961998779187,49.71961998779187,250.0,0.656322181224823,0.6151687502861023,logs/gu_a2c_topk_no_bc_2026-06-06/01_강남구_a2c.log,data/forecast_by_gu/demand_forecast_1h_강남구.parquet
강동구,140,123,ok,ok,-662.9,-639.9002773072509,-639.9002773072509,22.99972269274906,22.99972269274906,50.0,0.9336138963699341,0.9096621870994568,logs/gu_a2c_topk_no_bc_2026-06-06/02_강동구_a2c.log,data/forecast_by_gu/demand_forecast_1h_강동구.parquet
강북구,73,59,ok,ok,-35.24,-37.88194059414798,-37.88194059414798,-2.641940594147975,-2.641940594147975,350.0,0.7035670280456543,0.6753333806991577,logs/gu_a2c_topk_no_bc_2026-06-06/03_강북구_a2c.log,data/forecast_by_gu/demand_forecast_1h_강북구.parquet
강서구,232,201,ok,ok,-3549.03,-3499.131901762946,-3499.131901762946,49.898098237054,49.898098237054,50.0,1.2690938711166382,1.208358645439148,logs/gu_a2c_topk_no_bc_2026-06-06/04_강서구_a2c.log,data/forecast_by_gu/demand_forecast_1h_강서구.parquet
관악구,98,71,ok,ok,-143.52,-162.0902974600299,-162.0902974600299,-18.570297460029877,-18.570297460029877,50.0,0.7793243527412415,0.7477655410766602,logs/gu_a2c_topk_no_bc_2026-06-06/05_관악구_a2c.log,data/forecast_by_gu/demand_forecast_1h_관악구.parquet
광진구,110,90,ok,ok,-899.53,-851.8882911758361,-851.8882911758361,47.64170882416386,47.64170882416386,50.0,1.2019519805908203,1.1469388008117676,logs/gu_a2c_topk_no_bc_2026-06-06/06_광진구_a2c.log,data/forecast_by_gu/demand_forecast_1h_광진구.parquet
구로구,129,115,ok,ok,-847.08,-800.9307569009977,-800.9307569009977,46.14924309900232,46.14924309900232,150.0,0.9196682572364807,0.8787795305252075,logs/gu_a2c_topk_no_bc_2026-06-06/07_구로구_a2c.log,data/forecast_by_gu/demand_forecast_1h_구로구.parquet
금천구,84,76,ok,ok,-357.09,-352.4534016155477,-352.4534016155477,4.63659838445227,4.63659838445227,250.0,0.6885902881622314,0.6570857167243958,logs/gu_a2c_topk_no_bc_2026-06-06/08_금천구_a2c.log,data/forecast_by_gu/demand_forecast_1h_금천구.parquet
노원구,170,152,ok,ok,-800.31,-752.124905498524,-752.124905498524,48.18509450147599,48.18509450147599,50.0,0.9834887385368347,0.9520035982131958,logs/gu_a2c_topk_no_bc_2026-06-06/09_노원구_a2c.log,data/forecast_by_gu/demand_forecast_1h_노원구.parquet
도봉구,103,76,ok,ok,-124.93,-134.33236685347046,-134.33236685347046,-9.402366853470454,-9.402366853470454,50.0,0.8162204623222351,0.7886821627616882,logs/gu_a2c_topk_no_bc_2026-06-06/10_도봉구_a2c.log,data/forecast_by_gu/demand_forecast_1h_도봉구.parquet
동대문구,110,91,ok,ok,-473.82,-441.5519656112605,-441.5519656112605,32.268034388739466,32.268034388739466,100.0,0.9580286145210266,0.9514570236206055,logs/gu_a2c_topk_no_bc_2026-06-06/11_동대문구_a2c.log,data/forecast_by_gu/demand_forecast_1h_동대문구.parquet
동작구,90,73,ok,ok,-173.98,-165.50472197524752,-165.50472197524752,8.47527802475247,8.47527802475247,100.0,0.7475781440734863,0.6994447112083435,logs/gu_a2c_topk_no_bc_2026-06-06/12_동작구_a2c.log,data/forecast_by_gu/demand_forecast_1h_동작구.parquet
마포구,146,122,ok,ok,-760.25,-716.4626573213827,-716.4626573213827,43.78734267861728,43.78734267861728,50.0,0.9764193892478943,0.9385654926300049,logs/gu_a2c_topk_no_bc_2026-06-06/13_마포구_a2c.log,data/forecast_by_gu/demand_forecast_1h_마포구.parquet
서대문구,96,80,ok,ok,-191.43,-204.02792872460404,-204.02792872460404,-12.597928724604031,-12.597928724604031,250.0,0.7325044274330139,0.6897017955780029,logs/gu_a2c_topk_no_bc_2026-06-06/14_서대문구_a2c.log,data/forecast_by_gu/demand_forecast_1h_서대문구.parquet
서초구,171,143,ok,ok,-288.84,-263.762930659099,-263.762930659099,25.077069340900948,25.077069340900948,200.0,0.6370212435722351,0.6095884442329407,logs/gu_a2c_topk_no_bc_2026-06-06/15_서초구_a2c.log,data/forecast_by_gu/demand_forecast_1h_서초구.parquet
성동구,117,96,ok,ok,-863.68,-840.7902813478933,-840.7902813478933,22.889718652106694,22.889718652106694,50.0,0.9586713314056396,0.9222498536109924,logs/gu_a2c_topk_no_bc_2026-06-06/16_성동구_a2c.log,data/forecast_by_gu/demand_forecast_1h_성동구.parquet
성북구,104,83,ok,ok,-154.26,-159.09607804277215,-159.09607804277215,-4.836078042772158,-4.836078042772158,200.0,0.7543889284133911,0.725026547908783,logs/gu_a2c_topk_no_bc_2026-06-06/17_성북구_a2c.log,data/forecast_by_gu/demand_forecast_1h_성북구.parquet
송파구,245,216,ok,ok,-1988.42,-1943.3282453329914,-1943.3282453329914,45.09175466700867,45.09175466700867,100.0,1.0219041109085083,0.9882667064666748,logs/gu_a2c_topk_no_bc_2026-06-06/18_송파구_a2c.log,data/forecast_by_gu/demand_forecast_1h_송파구.parquet
양천구,128,111,ok,ok,-1511.21,-1402.2225332641433,-1402.2225332641433,108.98746673585674,108.98746673585674,100.0,1.2166190147399902,1.1670888662338257,logs/gu_a2c_topk_no_bc_2026-06-06/19_양천구_a2c.log,data/forecast_by_gu/demand_forecast_1h_양천구.parquet
영등포구,202,177,ok,ok,-2440.1,-2381.4596391893656,-2381.4596391893656,58.64036081063432,58.64036081063432,400.0,1.1593800783157349,1.1053911447525024,logs/gu_a2c_topk_no_bc_2026-06-06/20_영등포구_a2c.log,data/forecast_by_gu/demand_forecast_1h_영등포구.parquet
용산구,101,87,ok,ok,-104.37,-106.48133222642733,-106.48133222642733,-2.111332226427322,-2.111332226427322,50.0,0.7167751789093018,0.6905287504196167,logs/gu_a2c_topk_no_bc_2026-06-06/21_용산구_a2c.log,data/forecast_by_gu/demand_forecast_1h_용산구.parquet
은평구,118,98,ok,ok,-241.77,-255.1478143042313,-255.1478143042313,-13.377814304231293,-13.377814304231293,250.0,0.7111507654190063,0.6826672554016113,logs/gu_a2c_topk_no_bc_2026-06-06/22_은평구_a2c.log,data/forecast_by_gu/demand_forecast_1h_은평구.parquet
종로구,120,100,ok,ok,-371.95,-368.0460423878684,-368.0460423878684,3.9039576121315918,3.9039576121315918,50.0,0.8762093782424927,0.8267728090286255,logs/gu_a2c_topk_no_bc_2026-06-06/23_종로구_a2c.log,data/forecast_by_gu/demand_forecast_1h_종로구.parquet
중구,114,93,ok,ok,-244.27,-239.37280608151477,-239.37280608151477,4.897193918485243,4.897193918485243,50.0,0.7507067322731018,0.7115882039070129,logs/gu_a2c_topk_no_bc_2026-06-06/24_중구_a2c.log,data/forecast_by_gu/demand_forecast_1h_중구.parquet
중랑구,111,96,ok,ok,-301.3,-272.6133861447405,-272.6133861447405,28.68661385525951,28.68661385525951,150.0,0.8454217314720154,0.813279390335083,logs/gu_a2c_topk_no_bc_2026-06-06/25_중랑구_a2c.log,data/forecast_by_gu/demand_forecast_1h_중랑구.parquet
