algorithm,district,baseline_reward,best_reward,final_reward,best_delta,final_delta,best_step,final_step,n_eval_points,history_path,station_count,active_station_count,demand_volume,forecast_rows,forecast_station_count,forecast_station_coverage,forecast_mae_rent,forecast_mae_return
REINFORCE,강남구,-531.69,-481.9703800122082,-481.9703800122082,49.71961998779187,49.71961998779187,450.0,500.0,11,logs/reinforce_interactive_reinforce_강남구/history.npy,201,179,2526424.0,9410209,179,0.8905472636815921,,
REINFORCE,강동구,-662.9,-711.3513786778473,-711.3513786778473,-48.45137867784729,-48.45137867784729,350.0,500.0,11,logs/reinforce_interactive_reinforce_강동구/history.npy,140,123,3540785.0,6465618,123,0.8785714285714286,,
REINFORCE,강북구,-35.24,-39.242990331520154,-39.242990331520154,-4.002990331520152,-4.002990331520152,100.0,500.0,11,logs/reinforce_interactive_reinforce_강북구/history.npy,73,59,934477.0,3101276,59,0.8082191780821918,,
REINFORCE,강서구,-3549.03,-3706.4818855361204,-3706.4818855361204,-157.45188553612024,-157.45188553612024,500.0,500.0,11,logs/reinforce_interactive_reinforce_강서구/history.npy,232,201,9191249.0,10566570,201,0.8663793103448276,,
REINFORCE,관악구,-143.52,-162.0902974600299,-162.0902974600299,-18.570297460029877,-18.570297460029877,250.0,500.0,11,logs/reinforce_interactive_reinforce_관악구/history.npy,98,71,1432418.0,3731760,71,0.7244897959183674,,
REINFORCE,광진구,-899.53,-851.8882911758361,-851.8882911758361,47.64170882416386,47.64170882416386,200.0,500.0,11,logs/reinforce_interactive_reinforce_광진구/history.npy,110,90,3553277.0,4731300,90,0.8181818181818182,,
REINFORCE,구로구,-847.08,-843.1596797630835,-843.1596797630835,3.9203202369164956,3.9203202369164956,400.0,500.0,11,logs/reinforce_interactive_reinforce_구로구/history.npy,129,115,3053386.0,6045320,115,0.8914728682170543,,
REINFORCE,금천구,-357.09,-352.4534016155477,-391.58095814217023,4.63659838445227,-34.49095814217026,450.0,500.0,11,logs/reinforce_interactive_reinforce_금천구/history.npy,84,76,1271514.0,3995168,76,0.9047619047619048,,
REINFORCE,노원구,-800.31,-773.3959150506406,-957.8628146784728,26.914084949359335,-157.55281467847283,150.0,500.0,11,logs/reinforce_interactive_reinforce_노원구/history.npy,170,152,4424799.0,7990640,152,0.8941176470588236,,
REINFORCE,도봉구,-124.93,-157.75145920816536,-157.75145920816536,-32.82145920816535,-32.82145920816535,500.0,500.0,11,logs/reinforce_interactive_reinforce_도봉구/history.npy,103,76,1550924.0,3995244,76,0.7378640776699029,,
REINFORCE,동대문구,-473.82,-441.5519656112605,-441.5519656112605,32.268034388739466,32.268034388739466,100.0,500.0,11,logs/reinforce_interactive_reinforce_동대문구/history.npy,110,91,2537854.0,4784052,91,0.8272727272727273,,
REINFORCE,동작구,-173.98,-183.04945710810924,-183.04945710810924,-9.069457108109248,-9.069457108109248,500.0,500.0,11,logs/reinforce_interactive_reinforce_동작구/history.npy,90,73,1326417.0,3837172,73,0.8111111111111111,,
REINFORCE,마포구,-760.25,-815.1958638107386,-826.3029248336904,-54.945863810738615,-66.05292483369044,300.0,500.0,11,logs/reinforce_interactive_reinforce_마포구/history.npy,146,122,3506436.0,6413662,122,0.8356164383561644,,
REINFORCE,서대문구,-191.43,-203.88293766427995,-204.16493300009083,-12.452937664279943,-12.73493300009082,150.0,500.0,11,logs/reinforce_interactive_reinforce_서대문구/history.npy,96,80,1318854.0,4205120,80,0.8333333333333334,,
REINFORCE,서초구,-288.84,-263.762930659099,-263.762930659099,25.077069340900948,25.077069340900948,250.0,500.0,11,logs/reinforce_interactive_reinforce_서초구/history.npy,171,143,2137382.0,7517081,143,0.8362573099415205,,
REINFORCE,성동구,-863.68,-840.7902813478933,-905.5800969648574,22.889718652106694,-41.900096964857426,50.0,500.0,11,logs/reinforce_interactive_reinforce_성동구/history.npy,117,96,2779995.0,5046816,96,0.8205128205128205,,
REINFORCE,성북구,-154.26,-160.49824190419355,-160.49824190419355,-6.238241904193558,-6.238241904193558,150.0,500.0,11,logs/reinforce_interactive_reinforce_성북구/history.npy,104,83,1535431.0,4363061,83,0.7980769230769231,,
REINFORCE,송파구,-1988.42,-1943.3282453329914,-1943.3282453329914,45.09175466700867,45.09175466700867,50.0,500.0,11,logs/reinforce_interactive_reinforce_송파구/history.npy,245,216,6877106.0,11354256,216,0.8816326530612245,,
REINFORCE,양천구,-1511.21,-1434.3223795622366,-1652.9017682125163,76.88762043776342,-141.6917682125163,50.0,500.0,11,logs/reinforce_interactive_reinforce_양천구/history.npy,128,111,4612053.0,5835159,111,0.8671875,,
REINFORCE,영등포구,-2440.1,-2447.7557333068303,-2571.555551821776,-7.655733306830371,-131.45555182177623,150.0,500.0,11,logs/reinforce_interactive_reinforce_영등포구/history.npy,202,177,6793154.0,9304182,177,0.8762376237623762,,
REINFORCE,용산구,-104.37,-106.48133222642733,-106.48133222642733,-2.111332226427322,-2.111332226427322,400.0,500.0,11,logs/reinforce_interactive_reinforce_용산구/history.npy,101,87,1443059.0,4573242,87,0.8613861386138614,,
REINFORCE,은평구,-241.77,-279.2893256397252,-279.2893256397252,-37.51932563972517,-37.51932563972517,450.0,500.0,11,logs/reinforce_interactive_reinforce_은평구/history.npy,118,98,1746039.0,5151076,98,0.8305084745762712,,
REINFORCE,종로구,-371.95,-368.0460423878684,-368.0460423878684,3.9039576121315918,3.9039576121315918,200.0,500.0,11,logs/reinforce_interactive_reinforce_종로구/history.npy,120,100,2326126.0,5256900,100,0.8333333333333334,,
REINFORCE,중구,-244.27,-239.37280608151477,-239.37280608151477,4.897193918485243,4.897193918485243,500.0,500.0,11,logs/reinforce_interactive_reinforce_중구/history.npy,114,93,1716418.0,4888917,93,0.8157894736842105,,
REINFORCE,중랑구,-301.3,-272.6133861447405,-297.01504916854145,28.68661385525951,4.284950831458559,50.0,500.0,11,logs/reinforce_interactive_reinforce_중랑구/history.npy,111,96,2087258.0,5045952,96,0.8648648648648649,,
A2C,강남구,-531.69,-481.9703800122082,-481.9703800122082,49.71961998779187,49.71961998779187,50.0,500.0,11,logs/actor_critic_interactive_a2c_강남구/history.npy,201,179,2526424.0,9410209,179,0.8905472636815921,,
A2C,강동구,-662.9,-639.9002773072509,-639.9002773072509,22.99972269274906,22.99972269274906,50.0,500.0,11,logs/actor_critic_interactive_a2c_강동구/history.npy,140,123,3540785.0,6465618,123,0.8785714285714286,,
A2C,강북구,-35.24,-39.242990331520154,-39.242990331520154,-4.002990331520152,-4.002990331520152,50.0,500.0,11,logs/actor_critic_interactive_a2c_강북구/history.npy,73,59,934477.0,3101276,59,0.8082191780821918,,
A2C,강서구,-3549.03,-3499.131901762946,-3499.131901762946,49.898098237054,49.898098237054,50.0,500.0,11,logs/actor_critic_interactive_a2c_강서구/history.npy,232,201,9191249.0,10566570,201,0.8663793103448276,,
A2C,관악구,-143.52,-162.0902974600299,-162.0902974600299,-18.570297460029877,-18.570297460029877,50.0,500.0,11,logs/actor_critic_interactive_a2c_관악구/history.npy,98,71,1432418.0,3731760,71,0.7244897959183674,,
A2C,광진구,-899.53,-851.8882911758361,-851.8882911758361,47.64170882416386,47.64170882416386,100.0,500.0,11,logs/actor_critic_interactive_a2c_광진구/history.npy,110,90,3553277.0,4731300,90,0.8181818181818182,,
A2C,구로구,-847.08,-800.9307569009977,-800.9307569009977,46.14924309900232,46.14924309900232,50.0,500.0,11,logs/actor_critic_interactive_a2c_구로구/history.npy,129,115,3053386.0,6045320,115,0.8914728682170543,,
A2C,금천구,-357.09,-352.31773737307606,-352.4534016155477,4.772262626923919,4.63659838445227,100.0,500.0,11,logs/actor_critic_interactive_a2c_금천구/history.npy,84,76,1271514.0,3995168,76,0.9047619047619048,,
A2C,노원구,-800.31,-752.124905498524,-752.124905498524,48.18509450147599,48.18509450147599,50.0,500.0,11,logs/actor_critic_interactive_a2c_노원구/history.npy,170,152,4424799.0,7990640,152,0.8941176470588236,,
A2C,도봉구,-124.93,-134.33236685347046,-134.33236685347046,-9.402366853470454,-9.402366853470454,50.0,500.0,11,logs/actor_critic_interactive_a2c_도봉구/history.npy,103,76,1550924.0,3995244,76,0.7378640776699029,,
A2C,동대문구,-473.82,-441.5519656112605,-441.5519656112605,32.268034388739466,32.268034388739466,50.0,500.0,11,logs/actor_critic_interactive_a2c_동대문구/history.npy,110,91,2537854.0,4784052,91,0.8272727272727273,,
A2C,동작구,-173.98,-165.50472197524752,-165.50472197524752,8.47527802475247,8.47527802475247,150.0,500.0,11,logs/actor_critic_interactive_a2c_동작구/history.npy,90,73,1326417.0,3837172,73,0.8111111111111111,,
A2C,마포구,-760.25,-716.4626573213827,-716.4626573213827,43.78734267861728,43.78734267861728,50.0,500.0,11,logs/actor_critic_interactive_a2c_마포구/history.npy,146,122,3506436.0,6413662,122,0.8356164383561644,,
A2C,서대문구,-191.43,-204.00272090077584,-204.16493300009083,-12.572720900775835,-12.73493300009082,200.0,500.0,11,logs/actor_critic_interactive_a2c_서대문구/history.npy,96,80,1318854.0,4205120,80,0.8333333333333334,,
A2C,서초구,-288.84,-263.762930659099,-285.3722924713612,25.077069340900948,3.467707528638755,50.0,500.0,11,logs/actor_critic_interactive_a2c_서초구/history.npy,171,143,2137382.0,7517081,143,0.8362573099415205,,
A2C,성동구,-863.68,-840.7902813478933,-840.7902813478933,22.889718652106694,22.889718652106694,50.0,500.0,11,logs/actor_critic_interactive_a2c_성동구/history.npy,117,96,2779995.0,5046816,96,0.8205128205128205,,
A2C,성북구,-154.26,-160.49824190419355,-160.49824190419355,-6.238241904193558,-6.238241904193558,50.0,500.0,11,logs/actor_critic_interactive_a2c_성북구/history.npy,104,83,1535431.0,4363061,83,0.7980769230769231,,
A2C,송파구,-1988.42,-1943.3282453329914,-1943.3282453329914,45.09175466700867,45.09175466700867,50.0,500.0,11,logs/actor_critic_interactive_a2c_송파구/history.npy,245,216,6877106.0,11354256,216,0.8816326530612245,,
A2C,양천구,-1511.21,-1498.228009183716,-1498.228009183716,12.981990816283997,12.981990816283997,200.0,500.0,11,logs/actor_critic_interactive_a2c_양천구/history.npy,128,111,4612053.0,5835159,111,0.8671875,,
A2C,영등포구,-2440.1,-2447.7557333068303,-2471.658184045676,-7.655733306830371,-31.55818404567617,100.0,500.0,11,logs/actor_critic_interactive_a2c_영등포구/history.npy,202,177,6793154.0,9304182,177,0.8762376237623762,,
A2C,용산구,-104.37,-106.48133222642733,-106.48133222642733,-2.111332226427322,-2.111332226427322,50.0,500.0,11,logs/actor_critic_interactive_a2c_용산구/history.npy,101,87,1443059.0,4573242,87,0.8613861386138614,,
A2C,은평구,-241.77,-257.289623124343,-257.289623124343,-15.519623124342985,-15.519623124342985,50.0,500.0,11,logs/actor_critic_interactive_a2c_은평구/history.npy,118,98,1746039.0,5151076,98,0.8305084745762712,,
A2C,종로구,-371.95,-368.0460423878684,-368.0460423878684,3.9039576121315918,3.9039576121315918,50.0,500.0,11,logs/actor_critic_interactive_a2c_종로구/history.npy,120,100,2326126.0,5256900,100,0.8333333333333334,,
A2C,중구,-244.27,-239.37280608151477,-239.37280608151477,4.897193918485243,4.897193918485243,100.0,500.0,11,logs/actor_critic_interactive_a2c_중구/history.npy,114,93,1716418.0,4888917,93,0.8157894736842105,,
A2C,중랑구,-301.3,-272.6133861447405,-272.6133861447405,28.68661385525951,28.68661385525951,100.0,500.0,11,logs/actor_critic_interactive_a2c_중랑구/history.npy,111,96,2087258.0,5045952,96,0.8648648648648649,,
PPO,강남구,-531.69,-508.2761188813807,-508.2761188813807,23.413881118619372,23.413881118619372,170000.0,170000.0,9,logs/ppo_interactive_ppo_강남구/history.npy,201,179,2526424.0,9410209,179,0.8905472636815921,,
PPO,강동구,-662.9,-639.9002773072509,-639.9002773072509,22.99972269274906,22.99972269274906,160000.0,170000.0,9,logs/ppo_interactive_ppo_강동구/history.npy,140,123,3540785.0,6465618,123,0.8785714285714286,,
PPO,강북구,-35.24,-39.17180118035043,-43.426002209099146,-3.9318011803504263,-8.186002209099144,20000.0,170000.0,9,logs/ppo_interactive_ppo_강북구/history.npy,73,59,934477.0,3101276,59,0.8082191780821918,,
PPO,강서구,-3549.03,-3499.131901762946,-3668.6501293599113,49.898098237054,-119.62012935991106,40000.0,170000.0,9,logs/ppo_interactive_ppo_강서구/history.npy,232,201,9191249.0,10566570,201,0.8663793103448276,,
PPO,관악구,-143.52,-162.0902974600299,-162.0902974600299,-18.570297460029877,-18.570297460029877,20000.0,170000.0,9,logs/ppo_interactive_ppo_관악구/history.npy,98,71,1432418.0,3731760,71,0.7244897959183674,,
PPO,광진구,-899.53,-850.9369589691509,-850.9369589691509,48.59304103084912,48.59304103084912,170000.0,170000.0,9,logs/ppo_interactive_ppo_광진구/history.npy,110,90,3553277.0,4731300,90,0.8181818181818182,,
PPO,구로구,-847.08,-887.9764871909617,-941.099326191357,-40.89648719096169,-94.01932619135698,120000.0,170000.0,9,logs/ppo_interactive_ppo_구로구/history.npy,129,115,3053386.0,6045320,115,0.8914728682170543,,
PPO,금천구,-357.09,-351.4403743909632,-387.94943894156,5.649625609036775,-30.85943894156003,140000.0,170000.0,9,logs/ppo_interactive_ppo_금천구/history.npy,84,76,1271514.0,3995168,76,0.9047619047619048,,
PPO,노원구,-800.31,-752.124905498524,-752.124905498524,48.18509450147599,48.18509450147599,20000.0,170000.0,9,logs/ppo_interactive_ppo_노원구/history.npy,170,152,4424799.0,7990640,152,0.8941176470588236,,
PPO,도봉구,-124.93,-134.33236685347046,-136.16446521923157,-9.402366853470454,-11.234465219231566,60000.0,170000.0,9,logs/ppo_interactive_ppo_도봉구/history.npy,103,76,1550924.0,3995244,76,0.7378640776699029,,
PPO,동대문구,-473.82,-441.5519656112605,-441.5519656112605,32.268034388739466,32.268034388739466,80000.0,170000.0,9,logs/ppo_interactive_ppo_동대문구/history.npy,110,91,2537854.0,4784052,91,0.8272727272727273,,
PPO,동작구,-173.98,-165.50472197524752,-172.7531889413072,8.47527802475247,1.226811058692789,40000.0,170000.0,9,logs/ppo_interactive_ppo_동작구/history.npy,90,73,1326417.0,3837172,73,0.8111111111111111,,
PPO,마포구,-760.25,-814.2423557990278,-894.6366681535626,-53.99235579902779,-134.3866681535626,140000.0,170000.0,9,logs/ppo_interactive_ppo_마포구/history.npy,146,122,3506436.0,6413662,122,0.8356164383561644,,
PPO,서대문구,-191.43,-211.10450463931485,-224.0237911822324,-19.674504639314847,-32.593791182232394,80000.0,170000.0,9,logs/ppo_interactive_ppo_서대문구/history.npy,96,80,1318854.0,4205120,80,0.8333333333333334,,
PPO,서초구,-288.84,-270.9353588066635,-270.9353588066635,17.904641193336488,17.904641193336488,170000.0,170000.0,9,logs/ppo_interactive_ppo_서초구/history.npy,171,143,2137382.0,7517081,143,0.8362573099415205,,
PPO,성동구,-863.68,-840.3816597202084,-840.7902813478933,23.298340279791546,22.889718652106694,140000.0,170000.0,9,logs/ppo_interactive_ppo_성동구/history.npy,117,96,2779995.0,5046816,96,0.8205128205128205,,
PPO,성북구,-154.26,-160.49824190419355,-210.99380525764607,-6.238241904193558,-56.73380525764608,20000.0,170000.0,9,logs/ppo_interactive_ppo_성북구/history.npy,104,83,1535431.0,4363061,83,0.7980769230769231,,
PPO,송파구,-1988.42,-2004.709767428168,-2201.766342962063,-16.289767428168034,-213.34634296206286,20000.0,170000.0,9,logs/ppo_interactive_ppo_송파구/history.npy,245,216,6877106.0,11354256,216,0.8816326530612245,,
PPO,양천구,-1511.21,-1679.877725690895,-1731.1580130816235,-168.66772569089494,-219.94801308162346,160000.0,170000.0,9,logs/ppo_interactive_ppo_양천구/history.npy,128,111,4612053.0,5835159,111,0.8671875,,
PPO,영등포구,-2440.1,-2490.672605294389,-2602.123501829156,-50.57260529438918,-162.02350182915598,40000.0,170000.0,9,logs/ppo_interactive_ppo_영등포구/history.npy,202,177,6793154.0,9304182,177,0.8762376237623762,,
PPO,용산구,-104.37,-106.48133222642733,-106.48133222642733,-2.111332226427322,-2.111332226427322,60000.0,170000.0,9,logs/ppo_interactive_ppo_용산구/history.npy,101,87,1443059.0,4573242,87,0.8613861386138614,,
PPO,은평구,-241.77,-257.289623124343,-257.289623124343,-15.519623124342985,-15.519623124342985,160000.0,170000.0,9,logs/ppo_interactive_ppo_은평구/history.npy,118,98,1746039.0,5151076,98,0.8305084745762712,,
PPO,종로구,-371.95,-368.0413981057358,-395.14198937088855,3.908601894264166,-23.191989370888564,120000.0,170000.0,9,logs/ppo_interactive_ppo_종로구/history.npy,120,100,2326126.0,5256900,100,0.8333333333333334,,
PPO,중구,-244.27,-239.37280608151477,-239.37280608151477,4.897193918485243,4.897193918485243,170000.0,170000.0,9,logs/ppo_interactive_ppo_중구/history.npy,114,93,1716418.0,4888917,93,0.8157894736842105,,
PPO,중랑구,-301.3,-272.6133861447405,-272.6133861447405,28.68661385525951,28.68661385525951,100000.0,170000.0,9,logs/ppo_interactive_ppo_중랑구/history.npy,111,96,2087258.0,5045952,96,0.8648648648648649,,
DQN,강남구,-531.69,-543.7441384035135,-550.8938208227071,-12.054138403513434,-19.20382082270703,40000.0,170000.0,9,logs/dqn_interactive_dqn_강남구/history.npy,201,179,2526424.0,9410209,179,0.8905472636815921,,
DQN,강동구,-662.9,-742.9895913427164,-745.8828548572586,-80.0895913427164,-82.98285485725864,80000.0,170000.0,9,logs/dqn_interactive_dqn_강동구/history.npy,140,123,3540785.0,6465618,123,0.8785714285714286,,
DQN,강북구,-35.24,-42.76560931451147,-42.76560931451147,-7.52560931451147,-7.52560931451147,170000.0,170000.0,9,logs/dqn_interactive_dqn_강북구/history.npy,73,59,934477.0,3101276,59,0.8082191780821918,,
DQN,강서구,-3549.03,-3684.24984792009,-3764.504557886688,-135.2198479200897,-215.47455788668776,120000.0,170000.0,9,logs/dqn_interactive_dqn_강서구/history.npy,232,201,9191249.0,10566570,201,0.8663793103448276,,
DQN,관악구,-143.52,-201.79214499251097,-206.51482946126254,-58.27214499251096,-62.994829461262526,100000.0,170000.0,9,logs/dqn_interactive_dqn_관악구/history.npy,98,71,1432418.0,3731760,71,0.7244897959183674,,
DQN,광진구,-899.53,-966.6343093632073,-996.4997535740421,-67.10430936320734,-96.9697535740421,140000.0,170000.0,9,logs/dqn_interactive_dqn_광진구/history.npy,110,90,3553277.0,4731300,90,0.8181818181818182,,
DQN,구로구,-847.08,-876.2435732876341,-903.6957333533607,-29.163573287634108,-56.61573335336061,140000.0,170000.0,9,logs/dqn_interactive_dqn_구로구/history.npy,129,115,3053386.0,6045320,115,0.8914728682170543,,
DQN,금천구,-357.09,-385.7030441363581,-388.8296664480568,-28.6130441363581,-31.739666448056823,120000.0,170000.0,9,logs/dqn_interactive_dqn_금천구/history.npy,84,76,1271514.0,3995168,76,0.9047619047619048,,
DQN,노원구,-800.31,-855.2625095419525,-880.7387462396556,-54.95250954195251,-80.42874623965565,140000.0,170000.0,9,logs/dqn_interactive_dqn_노원구/history.npy,170,152,4424799.0,7990640,152,0.8941176470588236,,
DQN,도봉구,-124.93,-156.3531168778562,-164.67596288686715,-31.423116877856188,-39.74596288686715,160000.0,170000.0,9,logs/dqn_interactive_dqn_도봉구/history.npy,103,76,1550924.0,3995244,76,0.7378640776699029,,
DQN,동대문구,-473.82,-507.0048492656535,-527.4953770342943,-33.1848492656535,-53.675377034294286,120000.0,170000.0,9,logs/dqn_interactive_dqn_동대문구/history.npy,110,91,2537854.0,4784052,91,0.8272727272727273,,
DQN,동작구,-173.98,-213.1428893602078,-213.1428893602078,-39.1628893602078,-39.1628893602078,170000.0,170000.0,9,logs/dqn_interactive_dqn_동작구/history.npy,90,73,1326417.0,3837172,73,0.8111111111111111,,
DQN,마포구,-760.25,-809.1302375536534,-823.2430270731473,-48.88023755365339,-62.993027073147346,80000.0,170000.0,9,logs/dqn_interactive_dqn_마포구/history.npy,146,122,3506436.0,6413662,122,0.8356164383561644,,
DQN,서대문구,-191.43,-238.5181130742224,-245.49735763438414,-47.088113074222406,-54.06735763438414,20000.0,170000.0,9,logs/dqn_interactive_dqn_서대문구/history.npy,96,80,1318854.0,4205120,80,0.8333333333333334,,
DQN,서초구,-288.84,-311.55929982149206,-311.55929982149206,-22.719299821492086,-22.719299821492086,170000.0,170000.0,9,logs/dqn_interactive_dqn_서초구/history.npy,171,143,2137382.0,7517081,143,0.8362573099415205,,
DQN,성동구,-863.68,-927.774305016954,-927.774305016954,-64.09430501695408,-64.09430501695408,170000.0,170000.0,9,logs/dqn_interactive_dqn_성동구/history.npy,117,96,2779995.0,5046816,96,0.8205128205128205,,
DQN,성북구,-154.26,-202.41902729159347,-202.41902729159347,-48.159027291593475,-48.159027291593475,170000.0,170000.0,9,logs/dqn_interactive_dqn_성북구/history.npy,104,83,1535431.0,4363061,83,0.7980769230769231,,
DQN,송파구,-1988.42,-2043.3299077738714,-2074.6112103569926,-54.90990777387128,-86.19121035699254,100000.0,170000.0,9,logs/dqn_interactive_dqn_송파구/history.npy,245,216,6877106.0,11354256,216,0.8816326530612245,,
DQN,양천구,-1511.21,-1558.9795234603996,-1570.3817933777827,-47.76952346039957,-59.171793377782706,160000.0,170000.0,9,logs/dqn_interactive_dqn_양천구/history.npy,128,111,4612053.0,5835159,111,0.8671875,,
DQN,영등포구,-2440.1,-2498.133711596483,-2515.8056099583714,-58.033711596483045,-75.7056099583715,80000.0,170000.0,9,logs/dqn_interactive_dqn_영등포구/history.npy,202,177,6793154.0,9304182,177,0.8762376237623762,,
DQN,용산구,-104.37,-131.38126544673847,-145.63726809585816,-27.011265446738463,-41.26726809585816,20000.0,170000.0,9,logs/dqn_interactive_dqn_용산구/history.npy,101,87,1443059.0,4573242,87,0.8613861386138614,,
DQN,은평구,-241.77,-306.63555282926353,-306.63555282926353,-64.86555282926352,-64.86555282926352,170000.0,170000.0,9,logs/dqn_interactive_dqn_은평구/history.npy,118,98,1746039.0,5151076,98,0.8305084745762712,,
DQN,종로구,-371.95,-427.8421879004495,-447.93104051738294,-55.89218790044953,-75.98104051738295,80000.0,170000.0,9,logs/dqn_interactive_dqn_종로구/history.npy,120,100,2326126.0,5256900,100,0.8333333333333334,,
DQN,중구,-244.27,-281.6718252702937,-295.58307107985945,-37.4018252702937,-51.31307107985944,80000.0,170000.0,9,logs/dqn_interactive_dqn_중구/history.npy,114,93,1716418.0,4888917,93,0.8157894736842105,,
DQN,중랑구,-301.3,-325.1874919830939,-329.53759388692254,-23.887491983093867,-28.237593886922525,80000.0,170000.0,9,logs/dqn_interactive_dqn_중랑구/history.npy,111,96,2087258.0,5045952,96,0.8648648648648649,,
BANDIT,강남구,-531.69,-518.49481597067,-543.2000872697456,13.195184029330107,-11.510087269745554,60000.0,170000.0,9,logs/bandit_interactive_topk12_bandit_강남구/history.npy,201,179,2526424.0,9410209,179,0.8905472636815921,,
BANDIT,강동구,-662.9,-779.3200776910817,-795.1882162590663,-116.4200776910817,-132.2882162590663,20000.0,170000.0,9,logs/bandit_interactive_topk12_bandit_강동구/history.npy,140,123,3540785.0,6465618,123,0.8785714285714286,,
BANDIT,강북구,-35.24,-39.10134795096534,-41.84986435915253,-3.861347950965339,-6.609864359152525,120000.0,170000.0,9,logs/bandit_interactive_topk12_bandit_강북구/history.npy,73,59,934477.0,3101276,59,0.8082191780821918,,
BANDIT,강서구,-3549.03,-3707.5298316178273,-3721.47110426459,-158.4998316178271,-172.44110426458974,120000.0,170000.0,9,logs/bandit_interactive_topk12_bandit_강서구/history.npy,232,201,9191249.0,10566570,201,0.8663793103448276,,
BANDIT,관악구,-143.52,-165.32095415642297,-175.23489229622402,-21.80095415642296,-31.714892296224008,40000.0,170000.0,9,logs/bandit_interactive_topk12_bandit_관악구/history.npy,98,71,1432418.0,3731760,71,0.7244897959183674,,
BANDIT,광진구,-899.53,-1015.1731315763528,-1043.2563300818424,-115.64313157635286,-143.72633008184243,20000.0,170000.0,9,logs/bandit_interactive_topk12_bandit_광진구/history.npy,110,90,3553277.0,4731300,90,0.8181818181818182,,
BANDIT,구로구,-847.08,-897.5620056674298,-916.8240717557289,-50.4820056674298,-69.7440717557289,140000.0,170000.0,9,logs/bandit_interactive_topk12_bandit_구로구/history.npy,129,115,3053386.0,6045320,115,0.8914728682170543,,
BANDIT,금천구,-357.09,-385.02391744742283,-428.67714907862995,-27.933917447422857,-71.58714907862998,20000.0,170000.0,9,logs/bandit_interactive_topk12_bandit_금천구/history.npy,84,76,1271514.0,3995168,76,0.9047619047619048,,
BANDIT,노원구,-800.31,-900.6322434822254,-973.4489158735572,-100.32224348222542,-173.13891587355727,20000.0,170000.0,9,logs/bandit_interactive_topk12_bandit_노원구/history.npy,170,152,4424799.0,7990640,152,0.8941176470588236,,
BANDIT,도봉구,-124.93,-137.00089762903153,-138.77385428883034,-12.07089762903152,-13.843854288830329,80000.0,170000.0,9,logs/bandit_interactive_topk12_bandit_도봉구/history.npy,103,76,1550924.0,3995244,76,0.7378640776699029,,
BANDIT,동대문구,-473.82,-453.03128514376897,-470.8518622818883,20.788714856231024,2.9681377181116773,40000.0,170000.0,9,logs/bandit_interactive_topk12_bandit_동대문구/history.npy,110,91,2537854.0,4784052,91,0.8272727272727273,,
BANDIT,동작구,-173.98,-170.02676704328087,-176.79877774724758,3.95323295671912,-2.8187777472475943,80000.0,170000.0,9,logs/bandit_interactive_topk12_bandit_동작구/history.npy,90,73,1326417.0,3837172,73,0.8111111111111111,,
BANDIT,마포구,-760.25,-769.9947832424834,-791.5300028742388,-9.744783242483436,-31.28000287423879,60000.0,170000.0,9,logs/bandit_interactive_topk12_bandit_마포구/history.npy,146,122,3506436.0,6413662,122,0.8356164383561644,,
BANDIT,서대문구,-191.43,-204.44751638834688,-207.5935999339679,-13.017516388346877,-16.1635999339679,80000.0,170000.0,9,logs/bandit_interactive_topk12_bandit_서대문구/history.npy,96,80,1318854.0,4205120,80,0.8333333333333334,,
BANDIT,서초구,-288.84,-270.566930565241,-295.2151410698555,18.273069434758952,-6.375141069855545,40000.0,170000.0,9,logs/bandit_interactive_topk12_bandit_서초구/history.npy,171,143,2137382.0,7517081,143,0.8362573099415205,,
BANDIT,성동구,-863.68,-1002.2563975076754,-1042.8199213551009,-138.57639750767544,-179.1399213551009,20000.0,170000.0,9,logs/bandit_interactive_topk12_bandit_성동구/history.npy,117,96,2779995.0,5046816,96,0.8205128205128205,,
BANDIT,성북구,-154.26,-156.44635968614153,-163.0210442616009,-2.186359686141543,-8.761044261600915,60000.0,170000.0,9,logs/bandit_interactive_topk12_bandit_성북구/history.npy,104,83,1535431.0,4363061,83,0.7980769230769231,,
BANDIT,송파구,-1988.42,-1982.9235391747202,-2004.806515657303,5.496460825279883,-16.38651565730288,20000.0,170000.0,9,logs/bandit_interactive_topk12_bandit_송파구/history.npy,245,216,6877106.0,11354256,216,0.8816326530612245,,
BANDIT,양천구,-1511.21,-1566.115952735238,-1626.5827400339792,-54.90595273523786,-115.3727400339792,20000.0,170000.0,9,logs/bandit_interactive_topk12_bandit_양천구/history.npy,128,111,4612053.0,5835159,111,0.8671875,,
BANDIT,영등포구,-2440.1,-2478.6029145004745,-2513.0675420356824,-38.50291450047462,-72.96754203568253,20000.0,170000.0,9,logs/bandit_interactive_topk12_bandit_영등포구/history.npy,202,177,6793154.0,9304182,177,0.8762376237623762,,
BANDIT,용산구,-104.37,-103.8881045764833,-108.97959941894045,0.4818954235167041,-4.609599418940448,60000.0,170000.0,9,logs/bandit_interactive_topk12_bandit_용산구/history.npy,101,87,1443059.0,4573242,87,0.8613861386138614,,
BANDIT,은평구,-241.77,-265.499251785308,-294.49446890550473,-23.72925178530798,-52.72446890550472,20000.0,170000.0,9,logs/bandit_interactive_topk12_bandit_은평구/history.npy,118,98,1746039.0,5151076,98,0.8305084745762712,,
BANDIT,종로구,-371.95,-408.0627594989897,-429.31141694809673,-36.1127594989897,-57.361416948096746,20000.0,170000.0,9,logs/bandit_interactive_topk12_bandit_종로구/history.npy,120,100,2326126.0,5256900,100,0.8333333333333334,,
BANDIT,중구,-244.27,-252.38958564861218,-277.99983237824415,-8.119585648612173,-33.72983237824414,20000.0,170000.0,9,logs/bandit_interactive_topk12_bandit_중구/history.npy,114,93,1716418.0,4888917,93,0.8157894736842105,,
BANDIT,중랑구,-301.3,-280.6360738101898,-308.3204699442769,20.663926189810184,-7.020469944276897,20000.0,170000.0,9,logs/bandit_interactive_topk12_bandit_중랑구/history.npy,111,96,2087258.0,5045952,96,0.8648648648648649,,
